id,matrix,size_dist,lognorm_sigma,max_load_spec,max_load,top10pct_load,oversub,p99__ns3__pmn_m,p99__ns3__mlsys,window,enable_pfc,param_1,bfsz
0,Matrix C,CacheFollower,2.0,0.6546710160064348,0.6591611430616593,0.2723146939847312,1-to-1,0.10365850393043857,-0.11456521754546817,16515.0,1.0,10.842025307341636,40.0
1,Matrix C,CacheFollower,1.0,0.2851827465663648,0.2876929699478417,0.11885259451670038,1-to-1,-0.0018975773068021567,-0.007425001847747761,18093.0,1.0,9.574255793033096,40.0
2,Matrix C,CacheFollower,2.0,0.5150773623899252,0.518592781711457,0.255199141067721,4-to-1,0.037490255419744024,-0.014972210235751208,19958.0,1.0,19.468997235371624,40.0
3,Matrix A,WebServer,1.0,0.7324178498227348,0.7709129288939737,0.6500456006146497,1-to-1,0.2675857521608118,-0.10069455879713206,28648.0,1.0,16.416433351517888,40.0
4,Matrix A,Hadoop,2.0,0.3455859171762805,0.36424945734588,0.3060586524838771,1-to-1,0.0647215173866238,-0.037688705316293265,26735.0,1.0,9.985706847679083,40.0
5,Matrix B,Hadoop,2.0,0.6104936716327665,0.6166364382169393,0.4973821265629491,4-to-1,0.4196247809498581,-0.32260265696541335,6429.0,1.0,13.579162605950382,40.0
6,Matrix B,WebServer,1.0,0.6901726291402162,0.6980250363758499,0.5628282178238886,4-to-1,0.20259588534505527,0.009470175581578895,23415.0,0.0,9.296544092236015,40.0
7,Matrix B,Hadoop,2.0,0.7126208270275072,0.7273665617621711,0.5849663040293989,1-to-1,0.10339507436746354,0.16269958753330382,17968.0,0.0,15.656935779456049,40.0
8,Matrix A,Hadoop,2.0,0.25751251172962664,0.2617718317237643,0.16821283993102365,4-to-1,1.1889214380038817,0.04058385990808468,8406.0,1.0,15.751621803915059,40.0
9,Matrix A,CacheFollower,2.0,0.5568846038892901,0.5565187674786835,0.3623877336782236,4-to-1,0.22970533755465708,-0.13003736370791288,27455.0,1.0,18.799794096452104,40.0
10,Matrix C,CacheFollower,1.0,0.2919822652843035,0.294553895043232,0.12746598855620228,2-to-1,-0.018646107435828004,0.005161261726378355,19531.0,0.0,12.454037012200704,40.0
11,Matrix C,CacheFollower,1.0,0.36787237542304263,0.37110609088770635,0.16059337707059548,2-to-1,0.01527826008675209,-0.011937128586358063,27864.0,0.0,14.903275970025552,40.0
12,Matrix C,WebServer,2.0,0.7383383855483423,0.7700406156740287,0.325269561911615,2-to-1,0.16006379868444678,-0.10756193064832538,19788.0,1.0,19.153339865427032,40.0
13,Matrix B,Hadoop,2.0,0.5860334719877185,0.591899435235281,0.47742913258870195,4-to-1,0.16144231725870442,0.07293152230563621,22644.0,1.0,13.038465323034517,40.0
14,Matrix C,CacheFollower,2.0,0.2671581429794989,0.2689847849388525,0.11112382786220588,1-to-1,1.1665717740067312,-0.018268843562526022,6349.0,0.0,11.407559115199604,40.0
15,Matrix A,WebServer,2.0,0.6213051726408152,0.6529370250217466,0.5822289599255619,2-to-1,0.1625982824814439,-0.18448667713772482,17281.0,0.0,16.278272869565306,40.0
16,Matrix A,WebServer,1.0,0.409306522776384,0.43076241555513783,0.38411778418386383,2-to-1,0.18254817799643883,-0.20717863052491042,11648.0,1.0,11.114893530938973,40.0
17,Matrix B,WebServer,2.0,0.2590273444600284,0.2636001839279914,0.21635238788597794,2-to-1,0.04735802892172506,-0.14775862846106047,17278.0,1.0,7.588102318692224,40.0
18,Matrix A,WebServer,2.0,0.27197601043687214,0.28589346871728827,0.24106773643888035,1-to-1,0.19559569419446948,-0.06898520726450383,12810.0,0.0,11.733405857216574,40.0
19,Matrix C,Hadoop,1.0,0.46548395995167463,0.48174592848983067,0.19638509844413576,1-to-1,0.00566311103827951,-0.0710615580691125,22492.0,1.0,15.081173818367605,40.0
20,Matrix A,CacheFollower,2.0,0.42465960069254305,0.42440217298756777,0.27635751141884735,4-to-1,0.10357349910082901,-0.14965132823976562,28487.0,1.0,19.084166895104772,40.0
21,Matrix C,CacheFollower,1.0,0.2616492152306864,0.26395187509410795,0.11422319397691946,2-to-1,0.15079190404771098,0.00815531330216062,10015.0,0.0,12.00482382300211,40.0
22,Matrix C,WebServer,2.0,0.30340988002115266,0.31639692836361577,0.13364787284713586,2-to-1,0.062138569396074116,-0.053397811535481066,19274.0,0.0,15.368692787467303,40.0
23,Matrix C,Hadoop,2.0,0.2719164250616908,0.2808672646686301,0.13558122383584428,4-to-1,0.01572938953484991,0.03617549450185487,23596.0,1.0,14.740247727469267,40.0
24,Matrix B,WebServer,2.0,0.349409375763963,0.355573105867268,0.2918400487346142,2-to-1,0.06419940740749215,-0.15182983628879895,18725.0,1.0,12.701963351613218,40.0
25,Matrix A,Hadoop,1.0,0.6068434737969903,0.6402723654149143,0.5687675531344533,2-to-1,0.21030825748351822,0.09995229163188095,28923.0,1.0,10.49424695585261,40.0
26,Matrix A,CacheFollower,1.0,0.30974796746406696,0.3112208616284272,0.2738521446107536,1-to-1,0.6418322715256803,-0.0545150703111816,8668.0,1.0,11.43167401031733,40.0
27,Matrix B,Hadoop,1.0,0.32663654142670284,0.3301038370380885,0.2662639933089211,4-to-1,0.4316486722550215,-0.2425954008759406,8407.0,0.0,6.45498436465269,40.0
28,Matrix A,Hadoop,2.0,0.3895119590853292,0.39594782279670027,0.25443344037129006,4-to-1,0.06554862770158192,-0.11056993343880865,19818.0,0.0,16.22151448022536,40.0
29,Matrix B,WebServer,1.0,0.518351058647661,0.5279212290725441,0.43329652855480877,2-to-1,0.08863070677282557,-0.017583156188578863,26555.0,0.0,5.672534556192414,40.0
30,Matrix C,WebServer,2.0,0.2625526151749801,0.2738085183549648,0.13110418254979775,4-to-1,0.023191833174386143,0.020359802981439263,18890.0,0.0,9.252640755757962,40.0
31,Matrix C,WebServer,2.0,0.47527916957783684,0.49555750161971035,0.20020120887630471,1-to-1,0.8015358944392685,-0.10375463643332274,5421.0,0.0,10.318245484412259,40.0
32,Matrix B,Hadoop,2.0,0.5584738779382943,0.5700449226534888,0.46679303412940476,2-to-1,0.35739972068608233,-0.26556466934448975,6891.0,0.0,6.631751138539472,40.0
33,Matrix B,Hadoop,1.0,0.2777842232339133,0.28370501457520436,0.23231775350304748,2-to-1,-0.015954424543242033,-0.1626623981184854,18904.0,0.0,8.06530026043863,40.0
34,Matrix C,Hadoop,1.0,0.3857303263943396,0.3992011546042259,0.16273548651023315,1-to-1,0.030079215759453482,-0.0782442179666988,18968.0,1.0,15.954379008469214,40.0
35,Matrix A,WebServer,2.0,0.2630220239195611,0.2765106385322609,0.24656665998860022,2-to-1,0.2989141356353565,-0.07401038321628675,11785.0,1.0,8.598104830441699,40.0
36,Matrix A,WebServer,1.0,0.4189518845598552,0.4268745738592954,0.274310178057828,4-to-1,0.23571983166283142,-0.1126381255753276,11850.0,0.0,14.048621665503703,40.0
37,Matrix C,Hadoop,1.0,0.6046028883056305,0.6256956632566842,0.2550666174024014,1-to-1,0.04689207131020355,-0.010298048422987694,25225.0,1.0,18.749047615206138,40.0
38,Matrix C,Hadoop,2.0,0.6834829684595175,0.7059739488900355,0.3007508890208525,2-to-1,0.15680768871107006,-0.02457770091948783,7027.0,0.0,5.749937557343069,40.0
39,Matrix A,CacheFollower,2.0,0.2696321481117253,0.2706457266553935,0.2514692270127066,2-to-1,0.06095884780528233,-0.09636896035160372,27956.0,1.0,18.493064311980657,40.0
40,Matrix C,Hadoop,2.0,0.5152928979574745,0.5322486129328099,0.2267424226861392,2-to-1,0.033831639798079495,-0.0761343441681053,7980.0,0.0,13.050490648328248,40.0
41,Matrix A,WebServer,2.0,0.3266624065232707,0.33254577055776346,0.21369409093095804,4-to-1,0.06012603910466275,-0.2627398207083752,27481.0,1.0,15.120769488358013,40.0
42,Matrix C,CacheFollower,1.0,0.5569544659977093,0.5618630293742494,0.24314201128375607,2-to-1,0.054536259082921666,0.016230968845698038,15277.0,1.0,10.133354830186171,40.0
43,Matrix C,WebServer,2.0,0.4920141804432579,0.5130852672169132,0.20728228393453274,1-to-1,0.025972586707501067,-0.0637906225327661,29742.0,1.0,6.831783201957377,40.0
44,Matrix B,CacheFollower,2.0,0.2935749864576772,0.29401569113025033,0.23901979139944232,4-to-1,0.2520438306827537,0.024571041655286594,10606.0,0.0,7.070152882073373,40.0
45,Matrix B,Hadoop,2.0,0.31627027149863873,0.3194482932912132,0.2576686384368904,4-to-1,1.4564047594121847,-0.05197742340541256,6097.0,1.0,5.638549954473231,40.0
46,Matrix A,Hadoop,1.0,0.47397038559206334,0.5000982817941234,0.42020840161439726,1-to-1,0.020443594677739346,-0.10746348738202798,17948.0,1.0,16.707330256766706,40.0
47,Matrix A,WebServer,2.0,0.6494533494271933,0.661196684703691,0.4248853449951434,4-to-1,0.25987201458223635,-0.1682210371717162,19869.0,0.0,7.6422318484728695,40.0
48,Matrix B,CacheFollower,2.0,0.5399094882804178,0.543312053562992,0.44334084767759635,1-to-1,0.08561891435966214,0.013753712806125322,17278.0,0.0,7.2150577818649,40.0
49,Matrix A,WebServer,2.0,0.2777694326655076,0.2919814117608635,0.2603620672998521,2-to-1,0.11782744569244905,-0.17187989480810886,17303.0,0.0,8.578670077293012,40.0
50,Matrix A,Hadoop,1.0,0.6220991136292884,0.6563320510802365,0.5514840825776127,1-to-1,0.18507893682005275,0.06824835846813224,21884.0,0.0,12.812887911097647,40.0
51,Matrix A,CacheFollower,1.0,0.4556169864961452,0.45579321488458013,0.2967978559907346,4-to-1,0.09883921185531563,-0.02899990694483533,15928.0,1.0,13.84754720650898,40.0
52,Matrix C,CacheFollower,1.0,0.6112845687720734,0.6166598019492793,0.2547563724232013,1-to-1,0.0595384478192003,-0.08945569648374925,25178.0,1.0,16.334387792696752,40.0
53,Matrix C,CacheFollower,2.0,0.7390207853323516,0.7440860266512216,0.3073991250465845,1-to-1,0.12630391699821977,-0.23698686471222744,28561.0,1.0,7.489893761891246,40.0
54,Matrix C,CacheFollower,1.0,0.3997012306279446,0.40320785953282573,0.1665744569426098,1-to-1,0.020828068130763728,-0.08930609463270059,14259.0,1.0,12.174763180141593,40.0
55,Matrix A,WebServer,2.0,0.5696093428489593,0.5797191466521132,0.37252783528704475,4-to-1,0.16082475805783675,-0.24533266017645222,29719.0,0.0,12.221380495922972,40.0
56,Matrix A,CacheFollower,2.0,0.5593355068507759,0.5614364979856528,0.49402646430007735,1-to-1,0.22975795737842444,-0.13016156230126397,11622.0,1.0,10.477203993664075,40.0
57,Matrix B,Hadoop,2.0,0.6056914918947001,0.6182224426056929,0.5062441893227462,2-to-1,0.09295562384032044,-0.1649102691021779,12275.0,0.0,13.767284739961978,40.0
58,Matrix A,WebServer,1.0,0.46186434056093467,0.48610345191405774,0.40988988347380834,1-to-1,0.32522206512837365,-0.21914144992302212,9649.0,0.0,10.003689915809415,40.0
59,Matrix A,WebServer,1.0,0.36963396623102673,0.38888270162775457,0.34677296845412536,2-to-1,0.11452839390517743,-0.2228389211670003,29648.0,1.0,19.971145406787933,40.0
60,Matrix B,Hadoop,1.0,0.5831753530088837,0.5893622365373935,0.47538357630915967,4-to-1,0.15421473685060136,-0.020937152051922658,15496.0,1.0,7.19913043922122,40.0
61,Matrix A,Hadoop,2.0,0.5655960123381027,0.5961395316100478,0.5295584428224889,2-to-1,0.4072627425130398,-0.23488728935736783,7812.0,0.0,6.4176542565562595,40.0
62,Matrix B,Hadoop,2.0,0.3755568458443934,0.37933000362954566,0.3059695343681826,4-to-1,0.4013543201984357,-0.09864934923136338,9855.0,1.0,13.331538424462895,40.0
63,Matrix B,WebServer,2.0,0.7311332739938902,0.74408901846797,0.6107182231472366,2-to-1,0.1988264228148208,0.061931474497286615,21863.0,0.0,18.44110285228851,40.0
64,Matrix A,WebServer,1.0,0.4843775243854434,0.509824451154515,0.4546186743862665,2-to-1,0.14785425521624931,-0.1441187581684668,18713.0,0.0,8.757692746122713,40.0
65,Matrix B,Hadoop,2.0,0.3469791436046634,0.3541657616665898,0.28482892602303556,1-to-1,0.04684390629663774,-0.038646423865118934,24187.0,0.0,18.37763972791732,40.0
66,Matrix B,WebServer,2.0,0.35548132138250854,0.3618023036509193,0.291637739645032,1-to-1,0.5983041201924534,-0.09991489195373199,8627.0,1.0,11.80176193854978,40.0
67,Matrix C,Hadoop,2.0,0.39717170709244765,0.4102431321936032,0.1747670532575838,2-to-1,0.018191997423090335,-0.0038606012738870875,20193.0,1.0,12.355145039907509,40.0
68,Matrix B,WebServer,2.0,0.2557384943449943,0.2602780435058261,0.2136257091638966,2-to-1,0.24208106304961974,-0.09107172469245227,11988.0,0.0,6.349706180875994,40.0
69,Matrix C,Hadoop,2.0,0.3390592231106748,0.35022337901824185,0.14276933655226295,1-to-1,-0.0035685450259695223,-0.06846599592962332,14630.0,0.0,6.0757574962936625,40.0
70,Matrix A,Hadoop,2.0,0.5069716246400675,0.5153632972063835,0.3311690308663074,4-to-1,0.09748136205712858,-0.13501217781450406,29333.0,1.0,9.655197301058816,40.0
71,Matrix A,Hadoop,2.0,0.705462539767861,0.743575178303556,0.660527431417283,2-to-1,0.2600304357101411,-0.18458051520405025,10825.0,0.0,14.93931994266046,40.0
72,Matrix B,Hadoop,2.0,0.5003988892645248,0.505433260338382,0.40768507062652964,4-to-1,0.057974960767972934,-0.22558854882741938,12501.0,1.0,17.752948532055697,40.0
73,Matrix B,CacheFollower,1.0,0.7496522051820941,0.7548334585318939,0.6159416820633578,1-to-1,0.1351200338975724,0.08617793967713827,27654.0,1.0,16.54489589551893,40.0
74,Matrix B,WebServer,1.0,0.5909489223635469,0.6016357640993555,0.4937984565404442,2-to-1,0.0553643172446381,-0.12742810769075844,16705.0,0.0,17.35664470447471,40.0
75,Matrix A,WebServer,1.0,0.34691401838273683,0.36514808084673667,0.32560842479408364,2-to-1,1.0568380067481193,-0.12958890837560072,7035.0,0.0,7.6468301701665125,40.0
76,Matrix A,WebServer,1.0,0.5090416360434802,0.5186675108957174,0.333296443444509,4-to-1,0.15258266521277236,-0.28072534509193386,29803.0,1.0,19.33186821685783,40.0
77,Matrix B,CacheFollower,1.0,0.47194363451311944,0.4751979463886576,0.3877600007051552,1-to-1,0.051545419759618655,-0.011277534641023124,23766.0,1.0,18.672249457601254,40.0
78,Matrix A,Hadoop,2.0,0.5159723315456286,0.5244935387673176,0.33703606342571235,4-to-1,0.5176349586325244,-0.07021997929919474,9843.0,1.0,14.611858269744122,40.0
79,Matrix C,CacheFollower,1.0,0.5450266051642836,0.5498071678071677,0.2705596877818729,4-to-1,0.07233459832686834,-0.04569218195810677,9245.0,0.0,13.268509386924581,40.0
80,Matrix A,Hadoop,2.0,0.7350793657763435,0.7748544133669228,0.651067264100649,1-to-1,0.28212831000187283,-0.12553389983353833,10805.0,0.0,11.532646650049909,40.0
81,Matrix C,CacheFollower,2.0,0.6029843876836714,0.6071164236968127,0.2627250522264428,2-to-1,0.07406876118104534,-0.06297425506936852,20528.0,1.0,13.907358739118544,40.0
82,Matrix A,Hadoop,1.0,0.37647944685565304,0.3972237873824608,0.33376793895379164,1-to-1,0.06944426137097004,0.0005130371499288412,25762.0,0.0,6.410939607007657,40.0
83,Matrix C,CacheFollower,2.0,0.5614672863273176,0.5653000142756848,0.2446293165104797,2-to-1,0.09117823769594713,-0.018628587269577123,17529.0,0.0,12.691497014876393,40.0
84,Matrix A,WebServer,2.0,0.6463781020757684,0.6578943818213364,0.4227632833926664,4-to-1,0.2336962448759305,-0.17275579891155016,25899.0,1.0,5.500477677319461,40.0
85,Matrix A,CacheFollower,1.0,0.6330249900710475,0.6360154856238712,0.5596482312672021,1-to-1,0.15893054920901512,-0.10725832731440248,19680.0,1.0,6.140553603999248,40.0
86,Matrix C,WebServer,2.0,0.308329956610627,0.3215686795100847,0.15397256124575898,4-to-1,1.4599509631587644,0.047895118703738714,5831.0,1.0,5.533181256048275,40.0
87,Matrix C,CacheFollower,2.0,0.5750752053631623,0.5790179773110095,0.25056566153141907,2-to-1,0.10131712728232392,-0.1229238412713407,8325.0,1.0,16.94196396971197,40.0
88,Matrix C,WebServer,2.0,0.4886233680157534,0.5096258664357194,0.21526888186782514,2-to-1,0.06003782591428884,-0.07928690010160144,19091.0,1.0,15.920565079255534,40.0
89,Matrix B,Hadoop,1.0,0.5817947562675669,0.5941731523301393,0.4778489329218192,1-to-1,0.13288761130673868,-0.0119468921408184,13728.0,1.0,6.185619300294853,40.0
90,Matrix A,Hadoop,2.0,0.5611895251834542,0.5915351908614042,0.4970342707730313,1-to-1,0.07659259365380475,-0.06570810858108478,16781.0,1.0,15.116148753283648,40.0
91,Matrix C,WebServer,2.0,0.36708612320760126,0.38276271040085785,0.16168115887800572,2-to-1,0.5998334083306383,-0.10395411932604594,6639.0,0.0,11.542602672341253,40.0
92,Matrix A,Hadoop,2.0,0.36583227014692055,0.38561344399812586,0.3425454010615902,2-to-1,0.09582011252309053,-0.04955822381593837,20508.0,0.0,13.191258241812193,40.0
93,Matrix B,CacheFollower,2.0,0.36343669711607274,0.36397848980699427,0.2958959855962494,4-to-1,0.07675908119607114,-0.04044955223482285,27666.0,1.0,17.878317194521678,40.0
94,Matrix B,CacheFollower,2.0,0.7217600124331737,0.7263454247233023,0.6034177311426818,2-to-1,0.20154819920549377,-0.010488221372559147,11872.0,0.0,11.514087409020375,40.0
95,Matrix C,CacheFollower,2.0,0.29252399644765925,0.29452862858243345,0.127455042076386,2-to-1,0.07236023316084814,0.024175012143737688,11759.0,0.0,6.3972012570394,40.0
96,Matrix A,CacheFollower,1.0,0.3928900746943492,0.3947527188822978,0.3473542168557043,1-to-1,0.4680763390109232,-0.1552223334618715,8602.0,0.0,13.182947478623609,40.0
97,Matrix B,CacheFollower,2.0,0.7116169967606567,0.7161470141138513,0.5949453135195738,2-to-1,0.1316519588596069,0.023417890080672802,18109.0,0.0,10.79224758934501,40.0
98,Matrix A,Hadoop,1.0,0.2909727515998869,0.3070014641576233,0.25795848385574277,1-to-1,0.03901747414998946,-0.10369517922287262,19550.0,1.0,9.01277373586774,40.0
99,Matrix A,WebServer,2.0,0.3360553892659176,0.35335799626348496,0.2979543837884375,1-to-1,0.04518458237896449,-0.20389184505308602,16593.0,0.0,18.180084167691383,40.0
100,Matrix B,CacheFollower,2.0,0.373830321652044,0.37619794106704263,0.3125296867491665,2-to-1,0.04455193760413995,0.026922290728896816,24097.0,1.0,6.224295597952637,40.0
101,Matrix C,CacheFollower,1.0,0.41476002394153044,0.4184129526936656,0.1810650666588571,2-to-1,0.03851941363821116,-0.01957159107300303,28381.0,0.0,9.978931631469333,40.0
102,Matrix A,CacheFollower,1.0,0.4932731422127044,0.4934675749405576,0.3213301854024944,4-to-1,0.18493233017267044,-0.04455315518627195,14046.0,1.0,10.029103853376498,40.0
103,Matrix C,WebServer,1.0,0.3493656036161469,0.36501703505779937,0.1747765903994567,4-to-1,-0.010526527168790744,0.01205923247634294,18425.0,0.0,5.634079154909051,40.0
104,Matrix A,CacheFollower,1.0,0.7313691177103281,0.734895366759939,0.6466554690964896,1-to-1,0.16747181957006266,-0.14203648728920729,18042.0,1.0,7.283170555948626,40.0
105,Matrix C,CacheFollower,2.0,0.5642609863149368,0.5681098593442037,0.27956645992617474,4-to-1,0.08921079866719739,0.021017280209618856,17535.0,0.0,8.637452895040333,40.0
106,Matrix A,CacheFollower,1.0,0.6016512914975161,0.6044818145277923,0.5616494885829553,2-to-1,0.2828086731392208,-0.10218691483700498,10867.0,1.0,9.565644224891198,40.0
107,Matrix B,WebServer,2.0,0.34208557771505443,0.34576151171762054,0.2787922333199375,4-to-1,0.06406846034335095,-0.22340098075483777,23818.0,0.0,18.776093909175316,40.0
108,Matrix B,CacheFollower,1.0,0.6422320509290859,0.6466976031713325,0.5277031708052036,1-to-1,0.0577319433488096,0.06697631878353477,22105.0,1.0,5.283552061408146,40.0
109,Matrix A,WebServer,2.0,0.4584110642684848,0.4819403866495387,0.4297499439836793,2-to-1,0.15672641514432403,-0.15886142812784299,22192.0,1.0,13.5390275572371,40.0
110,Matrix C,CacheFollower,1.0,0.6698157913107089,0.6756844918142018,0.29239739535497516,2-to-1,0.14242801518027423,-0.12161657795513288,8451.0,0.0,7.472078044849961,40.0
111,Matrix B,WebServer,1.0,0.4433183807243915,0.4483604488828261,0.3615198585073821,4-to-1,0.08971598460327718,-0.20285348503407657,13246.0,0.0,19.76532185242609,40.0
112,Matrix C,Hadoop,1.0,0.737859350819907,0.7636383846921988,0.36862665553259993,4-to-1,0.1806281752017898,0.06810580595788013,18506.0,1.0,16.897338940975487,40.0
113,Matrix B,CacheFollower,2.0,0.6796948012432781,0.6807383251052582,0.5534056085134275,4-to-1,0.458620180020996,-0.05204032850268941,9233.0,0.0,10.24652205523671,40.0
114,Matrix A,CacheFollower,1.0,0.3101633401350973,0.3116338212583124,0.2895520959152616,2-to-1,0.3380320264702327,-0.10662346966306573,9852.0,0.0,5.818277262663791,40.0
115,Matrix A,WebServer,1.0,0.6349799138648079,0.6470617734232322,0.41580277009211297,4-to-1,0.6313786861962679,-0.16240345362461664,9533.0,0.0,13.857765533582958,40.0
116,Matrix C,WebServer,1.0,0.6780269746651542,0.7084673846192295,0.3392266715876912,4-to-1,0.0990005303208741,0.04402885810715965,18161.0,1.0,11.952456490447931,40.0
117,Matrix A,Hadoop,1.0,0.582595013654567,0.5928439894680554,0.3809580447725241,4-to-1,0.12869492310328964,-0.2630179559928339,12902.0,1.0,14.237832018494288,40.0
118,Matrix A,WebServer,1.0,0.7472724190064007,0.7612003411222432,0.4891483679484423,4-to-1,0.3756185400189441,-0.1678140803896171,24688.0,1.0,11.263529265011378,40.0
119,Matrix C,Hadoop,2.0,0.49326275395570457,0.5095000708078621,0.20769883291646432,1-to-1,0.02136511909610678,-0.10739431507206074,10415.0,0.0,14.128093176749486,40.0
120,Matrix B,WebServer,1.0,0.461828272407843,0.4669585605108202,0.3765157991594356,4-to-1,0.08145250412242169,-0.17349649930555025,18070.0,0.0,18.656651395424902,40.0
121,Matrix A,WebServer,2.0,0.49493995903119375,0.5203090637183372,0.4639635879694334,2-to-1,0.5837962288550047,-0.23937606493347857,7362.0,0.0,11.045151343456137,40.0
122,Matrix A,CacheFollower,2.0,0.6731542124437904,0.6756298474713599,0.5945089532157306,1-to-1,0.1951347835894187,-0.1298633700617835,14815.0,0.0,9.705738163455695,40.0
123,Matrix A,CacheFollower,1.0,0.6950740059962296,0.6983231191464002,0.6488413932740015,2-to-1,0.18673145058741236,-0.09666841405111398,21804.0,1.0,9.360692224927615,40.0
124,Matrix C,CacheFollower,1.0,0.3308091745833327,0.33372177510010553,0.13786815445967743,1-to-1,0.00352213537492448,-0.10599048924704994,17636.0,1.0,16.48967693086466,40.0
125,Matrix A,Hadoop,2.0,0.30602592697297515,0.3225602012688496,0.2865343914488864,2-to-1,0.008255011404490064,-0.12936251699277201,17452.0,1.0,18.965174475578696,40.0
126,Matrix C,Hadoop,2.0,0.4185834677713861,0.4323724288610895,0.20871632415694308,4-to-1,-0.0006702195422071092,0.002646319000028858,15834.0,0.0,13.39146774284044,40.0
127,Matrix B,Hadoop,2.0,0.49824011701615384,0.5085771419192391,0.4090104036271317,1-to-1,0.08203179771163596,0.03973088765872791,16911.0,1.0,8.736260209109371,40.0
128,Matrix C,CacheFollower,1.0,0.45664101386204586,0.46065737219647673,0.22668914138117444,4-to-1,0.03712435412078924,-0.08353310156187385,17260.0,1.0,17.835595523932405,40.0
129,Matrix C,Hadoop,1.0,0.39190538186072243,0.40558691362557575,0.19578657974718153,4-to-1,0.07472654166411202,0.004173268928535193,9940.0,0.0,8.86271388898037,40.0
130,Matrix B,CacheFollower,1.0,0.6503440744522004,0.6548692291781056,0.5440383871254266,2-to-1,0.12770496084399716,0.028484356529441732,14225.0,0.0,5.026021987742178,40.0
131,Matrix A,Hadoop,2.0,0.5180003868085181,0.526591655028662,0.3383842990060595,4-to-1,0.14455289605775673,-0.08730795503467507,20797.0,1.0,18.748020766938545,40.0
132,Matrix A,CacheFollower,2.0,0.3419344937812453,0.3431985359275172,0.3188813346690091,2-to-1,0.13084934631968462,-0.026050586802651,20799.0,0.0,8.46575499200367,40.0
133,Matrix B,CacheFollower,1.0,0.3914071175035624,0.3941260287601652,0.3216055758547203,1-to-1,0.10269164428177273,-0.14912274933416053,11444.0,1.0,14.430548747745224,40.0
134,Matrix C,Hadoop,2.0,0.4241574152059473,0.43812570268698375,0.2114935645286456,4-to-1,0.2810116850496795,-0.1468206156383075,6541.0,1.0,19.652710207460697,40.0
135,Matrix A,Hadoop,1.0,0.5683213427477707,0.5995964470551479,0.503811898175458,1-to-1,0.16237546150472004,0.10067928291490111,25758.0,1.0,6.46681851571288,40.0
136,Matrix A,CacheFollower,1.0,0.4954424477588005,0.4978006225345129,0.46252750430215395,2-to-1,0.15355383015988522,-0.040181156801208255,28799.0,1.0,10.04985204696232,40.0
137,Matrix C,WebServer,2.0,0.3516087802067719,0.36663919880382984,0.14811926081665028,1-to-1,0.06678503178714917,-0.1375461756993552,10319.0,1.0,13.835371352727384,40.0
138,Matrix C,WebServer,1.0,0.6056627327176369,0.6327603838509115,0.267282017984506,2-to-1,0.07465353523966467,-0.10807148036875258,29124.0,1.0,12.003406587328637,40.0
139,Matrix A,CacheFollower,2.0,0.36169084657817685,0.36304306459559554,0.3373197868437975,2-to-1,0.1303870696950757,-0.04027755491978565,29767.0,0.0,6.460360987061759,40.0
140,Matrix C,Hadoop,2.0,0.26457544482013917,0.2732844551362082,0.11642149539279618,2-to-1,-0.015073215513792974,-0.04866300120612144,18656.0,1.0,11.139702979947355,40.0
141,Matrix B,CacheFollower,1.0,0.3146075118311099,0.31525704727719445,0.2562884579836418,4-to-1,-0.015025619969004157,-0.0033537133132876496,19651.0,1.0,5.654776360320043,40.0
142,Matrix A,Hadoop,2.0,0.6382770065410617,0.6727584812135267,0.5652817048162649,1-to-1,0.39800239635458917,-0.22875044086429602,7144.0,0.0,8.926720452501549,40.0
143,Matrix B,CacheFollower,1.0,0.6195808254213897,0.6238857635404568,0.5182985998257874,2-to-1,0.055953924705533294,0.03761076362005189,21711.0,1.0,5.340955837818314,40.0
144,Matrix A,Hadoop,2.0,0.3881829176457554,0.39461252711750094,0.2535753882347755,4-to-1,0.06727043125982386,-0.16854606180932183,29846.0,1.0,17.77437440635671,40.0
145,Matrix C,WebServer,1.0,0.5497249697782385,0.5744100630620372,0.2750376630863086,4-to-1,0.03375375512353239,-0.00648409133231802,23147.0,1.0,12.322237397552868,40.0
146,Matrix B,WebServer,2.0,0.4873949190368663,0.4960593535552937,0.4071454885454842,2-to-1,0.0726523599618667,-0.18605764014247803,12993.0,1.0,12.775376430662696,40.0
147,Matrix A,Hadoop,1.0,0.3726029934923354,0.3931143231167012,0.3492118100544547,2-to-1,0.07258250562452506,-0.06895454784799614,20950.0,0.0,12.059336790170029,40.0
148,Matrix B,CacheFollower,1.0,0.4402139263202343,0.44111824716553605,0.35860741680501407,4-to-1,0.7381145293913588,-0.01635183768458963,7574.0,0.0,17.98865142395705,40.0
149,Matrix B,Hadoop,2.0,0.492439325719155,0.497371957894119,0.4011827825696003,4-to-1,0.15102417346970962,0.04976532798270744,27979.0,1.0,15.299167315993591,40.0
150,Matrix C,WebServer,2.0,0.7165477704140878,0.7472038145304855,0.3577739139658861,4-to-1,0.060955510973806096,-0.055567534940766064,12408.0,0.0,17.625797375452027,40.0
151,Matrix C,Hadoop,1.0,0.42582408589101306,0.4406933372094711,0.17964989280447616,1-to-1,0.028273651836150424,-0.149058665359127,20841.0,0.0,19.881573499437557,40.0
152,Matrix B,WebServer,1.0,0.43017195695609256,0.4349436357383501,0.35070167769765287,4-to-1,0.06093715814898494,-0.21665006583131025,23614.0,0.0,19.59940877961543,40.0
153,Matrix A,WebServer,2.0,0.25206033685414797,0.26498500936800023,0.2234375507164583,1-to-1,0.055940473132557685,-0.22896079323674748,26797.0,1.0,14.856207448745861,40.0
154,Matrix B,CacheFollower,2.0,0.6012296386065648,0.6050576598054195,0.493725059146096,1-to-1,0.21729695496675427,-0.15963898439491997,9080.0,0.0,15.286238490684,40.0
155,Matrix C,Hadoop,1.0,0.3144567544030674,0.32543333855182993,0.13266382640734145,1-to-1,-0.004705620878003627,-0.05850277785167725,18225.0,0.0,11.090020440411934,40.0
156,Matrix C,Hadoop,2.0,0.710536714562492,0.733936788977702,0.3126632960422931,2-to-1,0.13370585732473428,-0.00662293727692232,24176.0,1.0,19.798212994007336,40.0
157,Matrix B,CacheFollower,2.0,0.5464247734227365,0.5498849216869754,0.45682164511075923,2-to-1,0.08083133693711611,0.04613907917073776,23601.0,0.0,8.03439747922873,40.0
158,Matrix B,WebServer,2.0,0.46445782633635463,0.4726581003635687,0.38099519718506386,1-to-1,0.054926567508347734,-0.12151606744771849,15464.0,1.0,12.502694347269045,40.0
159,Matrix A,CacheFollower,1.0,0.35483917027680567,0.3565264194897374,0.33126369789229204,2-to-1,0.032201208428805535,-0.12325951800443367,17273.0,0.0,18.178724366405667,40.0
160,Matrix C,WebServer,1.0,0.46012220978164114,0.48075413271826317,0.20307360898864502,2-to-1,0.10171482776185575,-0.17452709701142116,7614.0,0.0,16.728183290785175,40.0
161,Matrix C,Hadoop,1.0,0.4869788383872355,0.5039891926865204,0.2054526283845894,1-to-1,-0.008120785601122386,-0.013053069016411564,19824.0,1.0,8.878658139822122,40.0
162,Matrix B,WebServer,2.0,0.35743736808149074,0.3637530714224227,0.2932101937057288,1-to-1,0.7013119462985185,-0.1158080455804086,8095.0,1.0,8.483516164242774,40.0
163,Matrix A,Hadoop,2.0,0.2607629057674832,0.27485549090962674,0.24415768129982313,2-to-1,0.043403394625513264,-0.10945120350215459,25245.0,0.0,16.01793971607824,40.0
164,Matrix A,CacheFollower,1.0,0.2862987474854347,0.2864041407146816,0.1864971485661687,4-to-1,0.0916554796753775,-0.004330214788247759,15501.0,0.0,9.167609140427658,40.0
165,Matrix C,Hadoop,1.0,0.4976038462949421,0.5149861709071919,0.20993557784617842,1-to-1,-0.005317218329569205,-0.04982593059526568,22943.0,0.0,9.670222742837996,40.0
166,Matrix A,Hadoop,2.0,0.4377477482944125,0.46142371803852084,0.38770880372969035,1-to-1,0.21938377617337046,-0.26842530291150973,9905.0,0.0,9.813315024348045,40.0
167,Matrix C,Hadoop,2.0,0.3739547223548296,0.3862690434314813,0.18646113743542864,4-to-1,0.003018165114624554,-0.03126123094876064,10634.0,1.0,11.003474933474081,40.0
168,Matrix B,WebServer,2.0,0.35186803852402815,0.35808954139462273,0.2939054374238471,2-to-1,0.06559602768479998,-0.1503960741801433,18425.0,1.0,16.564351403995214,40.0
169,Matrix B,CacheFollower,1.0,0.49779345206767084,0.5012415547882461,0.4164108418623386,2-to-1,0.13636425712115494,-0.19259013153510576,10341.0,0.0,19.748951604762308,40.0
170,Matrix C,WebServer,1.0,0.45969779337288225,0.48027272129191007,0.1940265828657173,1-to-1,-0.009939954064947534,-0.009845774142045245,14751.0,0.0,6.4171734473314945,40.0
171,Matrix C,CacheFollower,2.0,0.3899553900952213,0.3926340537512778,0.1622061969519101,1-to-1,0.02230332213386804,-0.09012053222118252,17950.0,1.0,13.07504267084021,40.0
172,Matrix B,WebServer,1.0,0.6690420765770847,0.6813949684296395,0.5492517433263666,1-to-1,0.14220650866577023,0.1359787795093005,23699.0,0.0,10.201991447642254,40.0
173,Matrix C,CacheFollower,2.0,0.3960337478872348,0.3987388385896892,0.19621910043073512,4-to-1,0.047177513348949124,-0.05815966511190615,26866.0,1.0,18.617624835298148,40.0
174,Matrix C,Hadoop,2.0,0.46849940132410967,0.4839178971064624,0.20615312788917556,2-to-1,0.11218548085072338,-0.037551042858937934,8362.0,1.0,7.107272162637681,40.0
175,Matrix B,WebServer,1.0,0.491735519764727,0.5007680512151914,0.41101029142005086,2-to-1,0.21316659633410745,-0.16561175490867708,10411.0,1.0,17.79521797637286,40.0
176,Matrix C,CacheFollower,1.0,0.6155246951323434,0.6209530516839035,0.3055705229434519,4-to-1,0.08091022636284556,0.023566955139790104,19102.0,1.0,13.90770387380209,40.0
177,Matrix A,Hadoop,2.0,0.25428706454458816,0.26802122676883283,0.2252033979664633,1-to-1,0.35518189162535424,-0.06455897831769698,10142.0,1.0,16.08464320476208,40.0
178,Matrix A,Hadoop,1.0,0.5249442952927075,0.5341775822216779,0.3432593581023307,4-to-1,0.13432183195233122,-0.13731786474684876,18905.0,0.0,6.113026840815471,40.0
179,Matrix B,WebServer,2.0,0.28461777988293036,0.28962823781060426,0.2334604389238341,1-to-1,0.10474038612010976,-0.14529485820460777,12577.0,0.0,14.353979939371706,40.0
180,Matrix C,WebServer,2.0,0.5959382679039567,0.6214304312828551,0.25105285091758384,1-to-1,0.04417027909363397,-0.04655185606306138,18016.0,1.0,7.276852286617483,40.0
181,Matrix B,WebServer,2.0,0.3510081172036781,0.35473954752396963,0.28603134630693705,4-to-1,0.03357001337180867,-0.16543256767567313,24810.0,1.0,10.268608793922027,40.0
182,Matrix C,WebServer,2.0,0.31519777454448783,0.32870810184796784,0.13279540547317914,1-to-1,0.0296551722532248,-0.028788630894903997,23124.0,0.0,11.382029360592455,40.0
183,Matrix B,WebServer,2.0,0.46696641106108877,0.4750990882916486,0.38994214919405373,2-to-1,0.3850767464192157,-0.18921316124782236,8915.0,1.0,11.070756647152262,40.0
184,Matrix A,Hadoop,1.0,0.729101716771376,0.7692059298436461,0.683301979261454,2-to-1,0.28285282551928953,0.10445248651476413,25049.0,0.0,9.206375374887418,40.0
185,Matrix A,Hadoop,1.0,0.5614998547214793,0.5713611496472587,0.367153298834882,4-to-1,0.12243410801415139,-0.12307952671903791,23197.0,0.0,8.76293874269645,40.0
186,Matrix C,Hadoop,2.0,0.37802752671672857,0.3904752145864819,0.15917808652079443,1-to-1,0.011170208821315282,-0.05790443841869507,22776.0,0.0,13.25517667886881,40.0
187,Matrix C,CacheFollower,2.0,0.6803397105255539,0.6850106065129138,0.29643317219622145,2-to-1,0.1388219541169946,-0.11200829331827178,28820.0,1.0,18.247281005075205,40.0
188,Matrix A,CacheFollower,2.0,0.5369251655038476,0.5389030171758397,0.5007192495997745,2-to-1,0.12420385895388691,-0.1558774598097231,14502.0,0.0,18.603261663629414,40.0
189,Matrix B,CacheFollower,1.0,0.555442435921554,0.5565845805058687,0.45247586090845276,4-to-1,0.06613430479754726,-0.032687603399566875,21326.0,1.0,18.121950545048666,40.0
190,Matrix B,WebServer,2.0,0.6224102471231658,0.6291569988125584,0.5072978884497701,4-to-1,0.7611542384821414,-0.22397422152435895,6225.0,0.0,9.445763872060294,40.0
191,Matrix C,WebServer,1.0,0.3017955243982935,0.31534016914934904,0.1273950669089622,1-to-1,0.4614283321094513,-0.025702808267469304,8246.0,0.0,6.730740241529766,40.0
