id,matrix,size_dist,lognorm_sigma,max_load_spec,max_load,top10pct_load,oversub,was__ns3__pmn_m,p99__ns3__pmn_m,was__ns3__pmn_mc,p99__ns3__pmn_mc,was__ns3__ns3_path,p99__ns3__ns3_path,was__ns3__pmn_m_path,p99__ns3__pmn_m_path
0,Matrix C,CacheFollower,2.0,0.6546710160064348,0.6698708818944059,0.2736934133336324,1-to-1,0.7779506164941397,0.19416653018686605,1.5739482431640885,0.1903582727062133,0.7719078723185541,-0.1625138260152656,0.18155923981854794,-0.01822524776892451
1,Matrix C,CacheFollower,1.0,0.2851827465663648,0.29108821992053174,0.11893309957479163,1-to-1,0.047652021644183765,0.00709901452857618,0.43900936625634823,0.1955971234528178,0.11439472136612458,-0.01635621291015168,0.04565785105984756,-0.011667694820698331
2,Matrix C,CacheFollower,2.0,0.5150773623899252,0.5270379142766808,0.2562526021537638,4-to-1,0.3533530097282531,0.06301385370426658,1.1708238419174233,-0.1528404731443939,0.30331173725205873,-0.057431392316815585,0.0983466026588947,0.037518687397823214
3,Matrix A,WebServer,1.0,0.7324178498227348,0.8068703189092813,0.645581172254276,1-to-1,0.8969586063545403,0.2589917524824503,0.39261730353197855,0.1265775245417785,0.4366557000189293,-0.18296776594236008,0.1088422647045064,-0.008073505035512813
4,Matrix A,Hadoop,2.0,0.3455859171762805,0.36813215510635944,0.3036916718480525,1-to-1,0.22210915037761364,0.03210141368587077,0.16556409440076286,0.048197949684843096,0.040997508584970206,-0.029024985663209674,0.09893365655191137,0.04063189362420209
5,Matrix B,Hadoop,2.0,0.6104936716327665,0.623884541679875,0.5004838554787044,4-to-1,,,,,,,,
6,Matrix B,WebServer,1.0,0.6901726291402162,0.7036717439590353,0.5655965811511708,4-to-1,,,,,,,,
7,Matrix B,Hadoop,2.0,0.7126208270275072,0.7635122451423426,0.5885965313339186,1-to-1,0.9070027039049458,-0.17158650331755923,0.8072838235834882,-0.13893435589246997,0.34477824594563794,-0.1740856614225609,0.3077022233472212,-0.21024966555232014
8,Matrix A,Hadoop,2.0,0.25751251172962664,0.2647602737456948,0.16767817554690773,4-to-1,0.08748367135875562,0.08590788989509597,0.04154998899718524,-0.35839232387399306,0.009377632873118578,-0.018082840168547405,0.05474014760920374,0.07291246955805018
9,Matrix A,CacheFollower,2.0,0.5568846038892901,0.558340167558065,0.36193611279970855,4-to-1,0.2407641847430248,0.1664132215024973,0.13417312786520247,-0.15565691064197515,0.06644666153815237,-0.034418159134500824,0.09952513855768134,0.024631506102212614
10,Matrix C,CacheFollower,1.0,0.2919822652843035,0.29802744807659726,0.1274619090294502,2-to-1,0.05548312962949206,0.011859772116947519,0.45214422135585197,0.19567522317765793,0.1171895655230461,-0.03087098734005598,0.09478472130632823,-0.028809831790930683
11,Matrix C,CacheFollower,1.0,0.36787237542304263,0.3754853446001779,0.16058949987174043,2-to-1,0.08217452112019324,0.038548306876494826,0.0814418259698791,0.04663066074503906,0.15932679498137034,-0.025180580806292378,0.11269646011842949,-0.025937921368376263
12,Matrix C,WebServer,2.0,0.7383383855483423,0.7880277777665868,0.32728950433769216,2-to-1,1.11541888608637,0.30606779664744793,1.1081869657051584,0.19929690271498715,0.8879762139683871,-0.1749211439647187,0.3683139928836019,0.016187058688615665
13,Matrix B,Hadoop,2.0,0.5860334719877185,0.5988712829863256,0.4804180719578278,4-to-1,0.4675821575241619,-0.04693006473086849,0.5702927571459122,-0.08381841082099767,0.17235037855268642,-0.10053434062422113,0.16523655582706803,-0.2537191003303534
14,Matrix C,CacheFollower,2.0,0.2671581429794989,0.27336599794292643,0.11169088713156744,1-to-1,0.06634220029515822,0.009145162704117426,0.5374088963286743,0.25140448245052294,0.10379784384321825,-0.025209155542619058,0.03378203157840809,0.00019446883749538895
15,Matrix A,WebServer,2.0,0.6213051726408152,0.6838119335192594,0.5785361688492402,2-to-1,0.596119278405665,0.15963663887031843,0.5448635082895428,0.2191453457211737,0.21125157806708428,-0.1539535359179847,0.1005031900255508,0.03997713572549901
16,Matrix A,WebServer,1.0,0.409306522776384,0.4508400658923436,0.3814290934703696,2-to-1,0.20541426319486744,0.035504643385410935,0.2311668221151993,0.06270437605672176,0.0710436119304531,-0.0831591101577392,0.08314900068355309,-0.004693908776337676
17,Matrix B,WebServer,2.0,0.2590273444600284,0.2836051804731433,0.21718219803006156,2-to-1,0.09737388247967717,0.2737263310204286,0.09388168591168011,0.01880928832257336,0.020577856062956475,-0.023635626758283703,0.10480529047967597,0.20851387213916717
18,Matrix A,WebServer,2.0,0.27197601043687214,0.29921982618350773,0.2394084078818407,1-to-1,0.11216119810979422,0.057139012903771665,0.12437809606781516,-0.29306828322624356,0.019660163505866537,-0.004059173742371893,0.07521725516084718,0.13505429301685906
19,Matrix C,Hadoop,1.0,0.46548395995167463,0.4982752041053891,0.19675436750286646,1-to-1,0.45309763129242236,0.05586058674166984,0.4339964531588032,0.09509505961751245,0.15282135155125148,-0.047102993171436805,0.0923813982412807,0.004098447147699858
20,Matrix A,CacheFollower,2.0,0.42465960069254305,0.425774725093572,0.2760024405922505,4-to-1,0.16870505512504172,0.07864400896711014,0.11320521427874156,-0.1986906128197963,0.05303880502999316,0.0069853319468105735,0.08980689008346031,0.04745133994765428
21,Matrix C,CacheFollower,1.0,0.2616492152306864,0.26706553388556886,0.11421995861084097,2-to-1,0.04110409052647648,0.006679764892247346,0.35893258943592443,0.16124012509644617,0.10370833378952438,-0.027219085829919314,0.08428230381885199,-0.027982827125706298
22,Matrix C,WebServer,2.0,0.30340988002115266,0.3238304140532739,0.1344956341971069,2-to-1,0.18728179912951937,-0.0034064002371464903,0.21234308382345388,-0.01743553127811555,0.0922822610377452,-0.029612036269712698,0.14190398165402718,-0.04423643602131914
23,Matrix C,Hadoop,2.0,0.2719164250616908,0.29179466093556533,0.1355802085025415,4-to-1,0.18231164201283434,0.018496759837221072,0.16848156915413356,0.009927324845229388,0.09927586809899172,-0.01762783315738276,0.08637050077707531,-0.004298639575805608
24,Matrix B,WebServer,2.0,0.349409375763963,0.3826434903455382,0.29302481056178836,2-to-1,0.14176506135480046,0.06445758793046139,0.11042411401210092,-0.10850541785515568,0.0451738796403342,-0.022538218820390456,0.14090614415383115,-0.09203682757571303
25,Matrix A,Hadoop,1.0,0.6068434737969903,0.6471865229032624,0.5639278454884966,2-to-1,0.408003098257639,0.08972629912770456,0.3468389349825449,0.08108256708339254,0.2563505762993117,-0.1528057555503581,0.13016126312570267,0.051228883152625644
26,Matrix A,CacheFollower,1.0,0.30974796746406696,0.31099820026549624,0.27197602250669384,1-to-1,0.15130400402949734,-0.004345933059418382,0.12030380460998509,-0.24396692507188356,0.06172633691575685,-0.006999884266766931,0.06525838078523113,0.06252247487940214
27,Matrix B,Hadoop,1.0,0.32663654142670284,0.33384143626903723,0.2678094725735783,4-to-1,,,,,,,,
28,Matrix A,Hadoop,2.0,0.3895119590853292,0.40047832314851045,0.25363123260173204,4-to-1,0.1020402309642898,0.09771601852684467,0.09246494061410145,-0.3314855623131596,0.020907792962687553,-0.033974542960028345,0.055830457646380706,0.03112064529877925
29,Matrix B,WebServer,1.0,0.518351058647661,0.567589360515351,0.4346561579752081,2-to-1,0.15713516612861478,0.05674626339997047,0.3410828688154942,0.09210959404916903,0.15157191954453378,-0.020105384400952664,0.15574112254388256,-0.07711813209456701
30,Matrix C,WebServer,2.0,0.2625526151749801,0.2802508885285586,0.13127590771918468,4-to-1,0.20744921588695983,0.003271700214612145,0.5700646653720671,-0.630617975472743,0.09207769711202166,-0.036238397709753636,0.13030331848768203,-0.03062980806838
31,Matrix C,WebServer,2.0,0.47527916957783684,0.5073640032811507,0.20209822879668113,1-to-1,0.45688702438462675,0.007536404372509672,0.3900608942067129,0.10341926022171954,0.1312683435352842,-0.039519949160325085,0.20666292744924863,-0.026947180117668217
32,Matrix B,Hadoop,2.0,0.5584738779382943,0.5983728530024103,0.4684712091218009,2-to-1,,,,,,,,
33,Matrix B,Hadoop,1.0,0.2777842232339133,0.2976788211507974,0.2330561379198291,2-to-1,0.13320207735496736,0.15791064864624785,0.08592394467806068,-0.0252817092549212,0.03148523561105895,-0.05305807781758673,0.11895712514042074,0.2321005996450916
34,Matrix C,Hadoop,1.0,0.3857303263943396,0.4128904391328597,0.16303841036234612,1-to-1,0.29351744762726373,0.02718105457134448,0.27322776524671283,0.023428432603766203,0.12680087489138697,-0.03351329449258083,0.08410868409397965,-0.014161737985425756
35,Matrix A,WebServer,2.0,0.2630220239195611,0.28933600924179476,0.24479149617601967,2-to-1,0.1503877277562487,0.13951580473159983,0.11959076349565445,0.17127599121037332,0.01879528172994088,-0.012950890431176235,0.07089298499343194,0.10413806785464368
36,Matrix A,WebServer,1.0,0.4189518845598552,0.43308304074575427,0.273943657529515,4-to-1,0.10935639014287983,0.07139666080771125,0.11145524658767135,-0.39738892809924037,0.024008620120052636,-0.029675527544693506,0.08648387793029626,-0.03731702594370372
37,Matrix C,Hadoop,1.0,0.6046028883056305,0.6471693334175737,0.2555483231279551,1-to-1,0.7651241295457629,0.24422433135282737,0.8196944431964437,0.3070588991826518,0.2998131799120156,-0.06500664116805278,0.15085320246265643,0.05503693063708805
38,Matrix C,Hadoop,2.0,0.6834829684595175,0.7334285694008773,0.30219255568358805,2-to-1,0.9619185275444841,0.23582126485630237,1.0617734602361013,0.24108306492790438,0.6037636250822562,-0.19266953789880642,0.2834541653019773,0.027666228356441006
39,Matrix A,CacheFollower,2.0,0.2696321481117253,0.2703919289593353,0.2499229395912743,2-to-1,0.1368700909736712,0.051733641016110395,0.1122465768566628,-0.02971787390673931,0.06085863519310957,-0.016523272303282082,0.07428977527974756,0.010142738483275716
40,Matrix C,Hadoop,2.0,0.5152928979574745,0.5529605869813413,0.22783482937191465,2-to-1,0.5209416998453489,0.1098452748030625,0.6210417010097069,0.13759950709877627,0.16279952272363057,-0.030296046523650706,0.1028259038985829,0.03297955000325152
41,Matrix A,WebServer,2.0,0.3266624065232707,0.33720540363768875,0.2132964561908062,4-to-1,0.09386649795019415,-0.06594011434045298,0.049393917391272905,-0.28041441951222706,0.018668268359389725,-0.10098488505661365,0.06987041833326202,-0.036466565290310594
42,Matrix C,CacheFollower,1.0,0.5569544659977093,0.5685000944036914,0.2431390389720626,2-to-1,0.2689936131849332,0.09205403352821143,1.2465025216207537,-0.0332595737453431,0.4258906863472804,-0.06286835412533606,0.1884295976661718,0.03278492289203874
43,Matrix C,WebServer,2.0,0.4920141804432579,0.5252582505580023,0.20922604158930747,1-to-1,0.49222809924944044,0.023327577567896947,0.41820786926626397,0.08709579948469182,0.15067644651692536,-0.04047341873332254,0.21699206858296785,-0.02604330669724945
44,Matrix B,CacheFollower,2.0,0.2935749864576772,0.295006487758892,0.23913392370166456,4-to-1,0.10384883275906753,-0.09079878235880462,0.16592959321438658,0.08824661586467523,0.05715871271908997,-0.02993769654974534,0.04897315023334528,0.06556293224084903
45,Matrix B,Hadoop,2.0,0.31627027149863873,0.32319612520532925,0.2592698360101526,4-to-1,0.11243028774897998,-0.25882951749706706,0.17165952570902457,-0.19377189637724546,0.035399227472856724,-0.11901835223017511,0.1069342472254572,-0.2177341523165019
46,Matrix A,Hadoop,1.0,0.47397038559206334,0.5055200839723222,0.417028520193417,1-to-1,0.3572615937884342,0.20097092945496192,0.6429146187797338,0.3665032913250482,0.10532002424702351,-0.024471996857737786,0.0958715643986986,0.09262062096799842
47,Matrix A,WebServer,2.0,0.6494533494271933,0.6706536443222397,0.42421635034110006,4-to-1,0.20100228034702589,0.05871865786475806,0.22394954165253,-0.24739442837476164,0.048103943641063907,-0.07051991676247264,0.09902913306031029,0.007582891008471383
48,Matrix B,CacheFollower,2.0,0.5399094882804178,0.5451309502332878,0.4428992277117569,1-to-1,0.24257703929065808,-0.06465748450244838,0.2624127933601081,0.012145385111041632,0.2321853412066532,-0.0774111219464272,0.1896456976491758,-0.17855600832950658
49,Matrix A,WebServer,2.0,0.2777694326655076,0.30555710875773134,0.25851528823972125,2-to-1,0.1483353603326565,0.09996315301576454,0.13031038607098533,0.1518303104031298,0.02248528684442144,-0.020347558803985578,0.06765863423236636,0.09940496762365846
50,Matrix A,Hadoop,1.0,0.6220991136292884,0.6635281600938522,0.547377197256831,1-to-1,0.6318837843916622,0.11226841222985652,1.0665230976489153,0.3251044797891241,0.24557437552544925,-0.13456847623865958,0.13273787325522343,-0.026530197316192033
51,Matrix A,CacheFollower,1.0,0.4556169864961452,0.4573698183009906,0.29648414777798116,4-to-1,0.1410586904986738,0.12465852650061338,0.08867874248239487,-0.17573574392253422,0.061859212323660304,-0.019497916709273144,0.0664890386812294,0.023481279652476254
52,Matrix C,CacheFollower,1.0,0.6112845687720734,0.6239258477473762,0.2549242116412136,1-to-1,0.35979872852613526,0.13802841365200164,1.487150580438588,0.07565657846644988,0.6151914097755874,-0.11007640883297838,0.2576837303319962,-0.007783443978898245
53,Matrix C,CacheFollower,2.0,0.7390207853323516,0.75618117348696,0.30895775894643657,1-to-1,1.649061558725558,0.16474861902130675,2.116625272136074,0.28631448133799775,1.823019642522788,-0.30700107060573256,0.7676967631401601,-0.15880543774600253
54,Matrix C,CacheFollower,1.0,0.3997012306279446,0.4079827060440853,0.16669395902301767,1-to-1,0.09995572848010043,0.039336869344452054,0.6966878945391912,-0.3083919188967814,0.18026791460081237,-0.02868602820785377,0.07795716498844998,0.001910536904091433
55,Matrix A,WebServer,2.0,0.5696093428489593,0.5880915887476189,0.37199241292611224,4-to-1,0.16313893557984505,0.049552303233535044,0.17665607157964153,-0.25559118464517805,0.039729812125848085,-0.04049109571902481,0.10607540026479377,0.08199051018392943
56,Matrix A,CacheFollower,2.0,0.5593355068507759,0.5609032132007621,0.4905187076498686,1-to-1,0.6569937276225765,0.11062190742968399,0.5949776562309148,0.11436246369320581,0.2707715139119249,-0.09233097575379517,0.16368813955338746,0.007301992816035929
57,Matrix B,Hadoop,2.0,0.6056914918947001,0.648951902555218,0.5080699783179088,2-to-1,0.552738678791887,-0.16030096259211346,0.5099596863970746,-0.251484312198589,0.2819010394624664,-0.08190628219252424,0.19196698932603662,-0.21288031690654144
58,Matrix A,WebServer,1.0,0.46186434056093467,0.508751780280228,0.4070549670744336,1-to-1,0.19204079256205403,0.08447086321444792,0.3674580860833842,-0.24742009102708334,0.097105136484391,-0.07396805523334117,0.10157150727272156,0.0837077157611553
59,Matrix A,WebServer,1.0,0.36963396623102673,0.4072264436087928,0.3445301896099206,2-to-1,0.18148628615391366,0.05594893979828902,0.23104861890444428,0.11149300028842526,0.06288771347846836,-0.03989423083889894,0.08251210452749075,0.005566125244320383
60,Matrix B,Hadoop,1.0,0.5831753530088837,0.5960491031243198,0.47815393353432584,4-to-1,,,,,,,,
61,Matrix A,Hadoop,2.0,0.5655960123381027,0.6025026260231577,0.5249952034146539,2-to-1,0.3820894476955095,0.11100148431496344,0.37471896452200354,0.09991568542952457,0.17383941332353464,-0.08025848048262502,0.12479221226264223,0.05605761003165563
62,Matrix B,Hadoop,2.0,0.3755568458443934,0.3837760940148746,0.3078674439498791,4-to-1,0.15543023355718436,-0.08245887938433176,0.27444027201088506,-0.04541710817601433,0.059377172412415774,-0.1034249992206359,0.08736268130938478,-0.09057499423160877
63,Matrix B,WebServer,2.0,0.7311332739938902,0.8003275233144616,0.6128833413558675,2-to-1,0.8780371798294418,0.000362934297462904,0.8352694909110983,0.1509539982466234,0.4898354723609222,-0.11872746871852188,0.1737234218343678,-0.10704140330290209
64,Matrix A,WebServer,1.0,0.4843775243854434,0.5334341608804594,0.4513070684722735,2-to-1,0.26164805388114337,0.14425437865112775,0.21946111769357016,0.04168944133179478,0.11835279447065303,-0.06705903591442644,0.09774837558347546,-0.00250567680691276
65,Matrix B,Hadoop,2.0,0.3469791436046634,0.37177723586866346,0.2866054773184703,1-to-1,0.15860494021705937,-0.09644697233985383,0.14532261688113066,-0.25696332334903654,0.050793971102528354,-0.11023024969117538,0.15782632487717813,-0.27374845939203446
66,Matrix B,WebServer,2.0,0.35548132138250854,0.38918671296723917,0.2935461750324152,1-to-1,0.08000703325647286,0.0718015551641273,0.10669269828626003,-0.09892599097376796,0.05259263585806687,-0.0631773989737653,0.0917545074016458,0.2028655534693158
67,Matrix C,Hadoop,2.0,0.39717170709244765,0.4262048080690695,0.17560799450885714,2-to-1,0.34354271083228927,0.04281239315559519,0.4271114665731257,0.04750848862161549,0.11421789485607566,-0.026059491533695,0.0764203972352854,-0.01822039582527914
68,Matrix B,WebServer,2.0,0.2557384943449943,0.28004283763353643,0.2144541891589896,2-to-1,,,,,,,,
69,Matrix C,Hadoop,2.0,0.3390592231106748,0.36383746973327225,0.14366715678488637,1-to-1,0.2812844453438585,0.03348484764831639,0.26004854027087904,0.037552440301393465,0.12747544582789083,-0.01937078321885099,0.07606795398382515,-0.012634208147623706
70,Matrix A,Hadoop,2.0,0.5069716246400675,0.5212202108079147,0.330099575627415,4-to-1,0.11708448170128827,0.03635216760659753,0.16534659034374885,-0.33043252373023063,0.03467430901160202,-0.012279856811122284,0.06753305697978937,-0.0438500993401131
71,Matrix A,Hadoop,2.0,0.705462539767861,0.7515459953410408,0.6548652663281526,2-to-1,0.7400709475126667,0.12323807995059421,0.6628873237066086,0.13782862366905688,0.4308758147707703,-0.12553051796687173,0.1533304855533439,0.07609348621382164
72,Matrix B,Hadoop,2.0,0.5003988892645248,0.5113576236102275,0.4102140987443047,4-to-1,0.3723100284683697,-0.14342478144824988,0.3540342544263647,-0.09283131927175224,0.09355261768698173,-0.04072662842215125,0.20054776178068195,-0.2617066848883792
73,Matrix B,CacheFollower,1.0,0.7496522051820941,0.7570138962368735,0.615048640280582,1-to-1,,,,,,,,
74,Matrix B,WebServer,1.0,0.5909489223635469,0.6472804972795075,0.4956831003056202,2-to-1,0.4730791067902141,0.1311219274257889,0.1948238323978957,0.04835227356052796,0.21350225570905107,-0.07984401739878494,0.17731119155375874,0.04847275235353499
75,Matrix A,WebServer,1.0,0.34691401838273683,0.38209156614687173,0.3232650574373106,2-to-1,0.17170208977697252,0.03813593881168248,0.17616913216814536,0.14707759270181592,0.031878286692391546,-0.019696381903371633,0.08322611683569615,0.0026545912692960494
76,Matrix A,WebServer,1.0,0.5090416360434802,0.5260890943279505,0.3327739881408131,4-to-1,0.14795654838122363,0.08831694005617156,0.13645629429032416,-0.36890776813084264,0.026434286857410335,-0.04702065210231112,0.11325159976050533,0.04458457282449414
77,Matrix B,CacheFollower,1.0,0.47194363451311944,0.47657282314624405,0.38719958552808337,1-to-1,,,,,,,,
78,Matrix A,Hadoop,2.0,0.5159723315456286,0.5304801007181938,0.3359640560797559,4-to-1,0.12286801136018784,0.0473179064280853,0.17400077427669927,-0.3223368759975691,0.03117046467773868,0.018178755499373145,0.06751812698111279,0.0020933769307394674
79,Matrix C,CacheFollower,1.0,0.5450266051642836,0.5563049803845092,0.2704847058456838,4-to-1,0.23914056158981947,0.05585277612677261,1.2283362413888903,-0.15751248895915002,0.4070541728240062,-0.05874523113750079,0.1340879878365013,0.0288446884706347
80,Matrix A,Hadoop,2.0,0.7350793657763435,0.782987523262535,0.6459277917623695,1-to-1,1.1022426236024203,0.1340641153421533,1.7816979252319993,0.41306910478720943,0.4881696158078808,-0.14963412892284964,0.13672391416744056,-0.03464428828332116
81,Matrix C,CacheFollower,2.0,0.6029843876836714,0.6170082385278716,0.26388269312592666,2-to-1,0.5149546430648588,0.11942307916124943,1.4266155998355612,0.1355203021209965,0.5573194199012876,-0.12667910636511098,0.1267535480804712,-0.0021342317730822995
82,Matrix A,Hadoop,1.0,0.37647944685565304,0.4015365277816799,0.33124734169246045,1-to-1,0.22874129444658,0.07566338179074357,0.19071479955310397,0.07905724423409324,0.06035253072552217,-0.04632551807510296,0.09519757979522928,0.07622275005261027
83,Matrix C,CacheFollower,2.0,0.5614672863273176,0.5745245855177679,0.24571324243020157,2-to-1,0.46881784031988605,0.12991194634004855,1.2382106088205702,0.047719700957596846,0.41402377687059727,-0.060474681268328466,0.0830526949651472,0.021000660533867975
84,Matrix A,WebServer,2.0,0.6463781020757684,0.6673078959959025,0.42210002553268344,4-to-1,0.20897063229439758,0.05063064272756623,0.23935078455625544,-0.2850593337264733,0.041642043054603645,-0.0396180138683468,0.10507984683117334,0.039893197492038894
85,Matrix A,CacheFollower,1.0,0.6330249900710475,0.6355315035859637,0.5557888448300776,1-to-1,0.6441841167093487,0.09065012051354118,0.6475742018946749,0.0674856724942648,0.38007349400653345,-0.13286027481189738,0.11172515470256689,0.015375528979584437
86,Matrix C,WebServer,2.0,0.308329956610627,0.3291071170948909,0.1541612794207982,4-to-1,0.2338859199746698,-0.005902610554385398,0.7256039183613264,-0.5793399604241894,0.09214712327846805,-0.02105214011073597,0.134002213559267,-0.025194960323802036
87,Matrix C,CacheFollower,2.0,0.5750752053631623,0.5884238035343207,0.25165767372295017,2-to-1,0.4959974583273946,0.1289544144486955,1.2921901310331727,0.015256768632526972,0.4686041153222215,-0.0838445884448092,0.09506062299083615,0.009856394208572535
88,Matrix C,WebServer,2.0,0.4886233680157534,0.5215422095441438,0.21661075414399178,2-to-1,0.5103021985154105,0.03693531598485511,0.4357911472643523,0.11277302236336359,0.15321248406788798,-0.0343129483062521,0.22881389931607538,-0.012073041309489878
89,Matrix B,Hadoop,1.0,0.5817947562675669,0.6234584285044429,0.48062978415544005,1-to-1,0.2260821322651415,-0.038800807954830534,0.3527980965756847,-0.020983355149045944,0.26339870313972324,-0.09726857219164604,0.19829759652458334,-0.19428121771390555
90,Matrix A,Hadoop,2.0,0.5611895251834542,0.5977930286458117,0.4931510648832365,1-to-1,0.5519117159034151,0.2029340024053656,1.040015595234582,0.40404089864163023,0.15440806865407114,-0.06793816191400726,0.10438427138103695,0.03515357183154705
91,Matrix C,WebServer,2.0,0.36708612320760126,0.3918150130607771,0.1627314988391857,2-to-1,0.29215772785394944,-0.0012750660024987393,0.26750882984581525,0.054192403231926,0.090359562074185,-0.024981053403485918,0.1681443795325504,-0.02553779182675219
92,Matrix A,Hadoop,2.0,0.36583227014692055,0.38970517641085456,0.33957254212416554,2-to-1,0.17068844978546888,0.04704348252423395,0.2446786734994178,0.20848153399605776,0.05380855500470812,-0.08665614627702059,0.13695229265161243,-0.03695947604635115
93,Matrix B,CacheFollower,2.0,0.36343669711607274,0.36520372540968565,0.2960362006601098,4-to-1,0.19571897002827526,-0.04467355681352674,0.14516884779819916,0.24481553094840977,0.07608073652904301,0.0024313270761639715,0.043461263861690344,-0.03427254625391767
94,Matrix B,CacheFollower,2.0,0.7217600124331737,0.7286918092125783,0.6021301122372369,2-to-1,1.161117485954978,0.16495476479933766,1.0786361329472238,-0.1612283707044813,0.5822466909183084,-0.20147602120057304,0.3069136661117403,-0.22475458596839587
95,Matrix C,CacheFollower,2.0,0.29252399644765925,0.29932570992765034,0.12801591538356646,2-to-1,0.08062793276852331,0.036662667155827104,0.6325675586972066,0.33637878507986974,0.10031556690397551,-0.024343585434100302,0.048473638871620296,-0.01608399988186528
96,Matrix A,CacheFollower,1.0,0.3928900746943492,0.3944601034158284,0.34496562953394677,1-to-1,0.1789244760715314,0.031139807576992876,0.23402320006689173,0.10139566390624356,0.11856943298292566,-0.06831391837757654,0.08079376147570218,0.061056600361803784
97,Matrix B,CacheFollower,2.0,0.7116169967606567,0.7184943382740117,0.5937037730825488,2-to-1,1.043169566707598,0.04325443971451514,0.8934287534668091,-0.03661674201614347,0.6704224521224316,-0.0768766238044534,0.32156904604138314,-0.10959696548122513
98,Matrix A,Hadoop,1.0,0.2909727515998869,0.3103203059218497,0.2559985687476541,1-to-1,0.1603941231395345,0.010116655395749467,0.10204905350245468,0.020072276703371347,0.031182238781093927,-0.02681750180879846,0.06948122124929137,-0.033276201909505976
99,Matrix A,WebServer,2.0,0.3360553892659176,0.3697394810510294,0.2958318022673099,1-to-1,0.11595617915827182,0.012750050421244082,0.09678646259099086,-0.09285670017481197,0.04365348804577464,-0.05409055376312152,0.07175126753525603,0.0335712465105149
100,Matrix B,CacheFollower,2.0,0.373830321652044,0.3774312952280635,0.31187773115389816,2-to-1,0.16070588852716003,-0.13529735808475377,0.20359459484741227,-0.1641753303362786,0.09810684426348028,0.001257870793703756,0.12166774541074545,-0.08008817168447387
101,Matrix C,CacheFollower,1.0,0.41476002394153044,0.42335820357146536,0.1810640099661064,2-to-1,0.12557445980620485,0.05879158781705154,0.12061880787414286,0.05655854371715092,0.18185116200033294,-0.02638157160404718,0.10729248819720646,-0.00740803927413013
102,Matrix A,CacheFollower,1.0,0.4932731422127044,0.49515556579549436,0.3209782763519563,4-to-1,0.14641157981768427,0.1081182064650967,0.1368209810847649,-0.3029832462167536,0.06484709863507411,-0.013864956313289612,0.06546636372651893,0.008967005162727084
103,Matrix C,WebServer,1.0,0.3493656036161469,0.3719656426117373,0.1742384966353394,4-to-1,0.2988504683544597,0.018710584179084284,0.8610685462628951,-0.5624980589926806,0.09244651643899025,-0.01099696604465743,0.14595874060878355,-0.00533851472032357
104,Matrix A,CacheFollower,1.0,0.7313691177103281,0.7343225708795685,0.6421842049831185,1-to-1,1.0741696783487908,0.1420932639775496,1.0577576817733627,0.31425022769258903,0.6193872253374855,-0.14501847930850245,0.11979372311693101,-0.0072058718742889355
105,Matrix C,CacheFollower,2.0,0.5642609863149368,0.577371728277767,0.2807255489088077,4-to-1,0.4756063727760722,0.10365674620911006,1.308899567724244,-0.0361604178702783,0.43973852335895547,-0.06872212797089879,0.07610696659711544,0.035074560177214185
106,Matrix A,CacheFollower,1.0,0.6016512914975161,0.6041017521631455,0.5583768140348445,2-to-1,0.506159769817783,0.11703785006054919,0.3182982847537808,-0.050116171052375584,0.3223807852605667,-0.10750112112451941,0.07621501121123038,-0.0022965947850669076
107,Matrix B,WebServer,2.0,0.34208557771505443,0.34871062398528363,0.2802863820167063,4-to-1,,,,,,,,
108,Matrix B,CacheFollower,1.0,0.6422320509290859,0.6485562557778658,0.5269304106823306,1-to-1,,,,,,,,
109,Matrix A,WebServer,2.0,0.4584110642684848,0.5043054193544497,0.42666544858898825,2-to-1,0.257369216792082,0.10601438853940186,0.22181578344708647,0.03045257068847447,0.08703489111240166,-0.08060208004707607,0.08529524838953156,-0.023103684613259626
110,Matrix C,CacheFollower,1.0,0.6698157913107089,0.6836947476409619,0.29240607968088345,2-to-1,0.48635422778275555,0.1905356241568223,1.7142126998603375,0.16181451289236803,0.9180826672549105,-0.17141585568507958,0.43372084489128476,0.023928012231375518
111,Matrix B,WebServer,1.0,0.4433183807243915,0.45190942622951863,0.36323531345144666,4-to-1,0.2916782158682725,-0.1377160665117903,0.3061376201402694,-0.023818590740037237,0.060617634920663646,-0.020252912140504186,0.10860237665522116,-0.35572987307078424
112,Matrix C,Hadoop,1.0,0.737859350819907,0.7898619482845691,0.3670064055330296,4-to-1,1.084132807637892,0.1403247757537887,1.010184254822723,0.206766937086595,1.1338826089688778,-0.21807370904111803,0.7351716305928298,-0.04786509352471144
113,Matrix B,CacheFollower,2.0,0.6796948012432781,0.6830268433399748,0.5536654135413717,4-to-1,,,,,,,,
114,Matrix A,CacheFollower,1.0,0.3101633401350973,0.3114086615484181,0.2878378942912403,2-to-1,0.14125715878439152,0.059989938346130235,0.07371991983975734,-0.01032508923406004,0.059952904565705664,-0.005816979391902229,0.06050110011743529,0.00754316060050781
115,Matrix A,WebServer,1.0,0.6349799138648079,0.6564652418130753,0.4152425109157999,4-to-1,0.19574466057729026,0.05678274315127859,0.20286889207681477,-0.21357024276299774,0.052575444893043194,-0.01688007223919673,0.11433785958319845,0.07580061711673072
116,Matrix C,WebServer,1.0,0.6780269746651542,0.7220187200517235,0.33821257102438734,4-to-1,0.8430249408249713,0.1922200029853971,0.523852357805156,0.026589294203375552,0.43141854454281875,-0.14081306853181078,0.2620568764866002,-0.008588045269822351
117,Matrix A,Hadoop,1.0,0.582595013654567,0.5996860581015456,0.37979445242325155,4-to-1,0.148882068427766,0.037110625601132395,0.18091132789355344,-0.33037824195060705,0.04182698815289321,-0.08521561969873975,0.10349750782941165,-0.003649866940755944
118,Matrix A,WebServer,1.0,0.7472724190064007,0.7726088786129276,0.4887083586507414,4-to-1,0.25564346742207295,0.06338236059246045,0.26089339979609727,-0.2018338304373089,0.07627150279886222,-0.008618889651888367,0.11132169371182417,0.039359961194454306
119,Matrix C,Hadoop,2.0,0.49326275395570457,0.5293034919365743,0.2090041133458209,1-to-1,0.5531615375853978,0.11478659869347808,0.603052074897772,0.13835892001225672,0.1565198980579633,-0.03670904338208893,0.0871021110879256,0.030536252018885185
120,Matrix B,WebServer,1.0,0.461828272407843,0.47083084528554814,0.3784439529811782,4-to-1,,,,,,,,
121,Matrix A,WebServer,2.0,0.49493995903119375,0.5446199512815049,0.4607733863666459,2-to-1,0.3169029166086617,0.12408357756219901,0.37527386778685845,0.17453158138485664,0.10446512129259033,-0.02100699401322577,0.10259047093245702,0.019330921194821365
122,Matrix A,CacheFollower,2.0,0.6731542124437904,0.6750626233861919,0.5903529125758693,1-to-1,1.0057405145684386,0.23807311386298777,1.0134767659154895,0.2369022846073286,0.46219763238022876,-0.08603394409867787,0.19024476956476882,0.06293790563436022
123,Matrix A,CacheFollower,1.0,0.6950740059962296,0.6978578839416816,0.6450364699296945,2-to-1,0.8363803943798114,0.18381733427202,0.279212724022644,0.09044763833491692,0.5105255366496584,-0.13987770693802776,0.10586862161822228,0.03621429064237024
124,Matrix C,CacheFollower,1.0,0.3308091745833327,0.33766609107490536,0.13796393012795685,1-to-1,0.05067970730333906,0.007929718515587783,0.6284668785997397,0.2603788301440142,0.15069609844090276,-0.02933326418658939,0.07006571968289217,-0.013366344982605059
125,Matrix A,Hadoop,2.0,0.30602592697297515,0.32598106875171556,0.28404606070928745,2-to-1,0.13238034015048192,-0.005449197497039579,0.11172555995006611,0.01778608338682862,0.03101183390179957,-0.06779146121669982,0.09046690841977839,-0.013408535904607817
126,Matrix C,Hadoop,2.0,0.4185834677713861,0.44918796489361495,0.20871183092882975,4-to-1,0.37280831821099075,0.07292033224690525,0.3641071126620744,0.04871411448744995,0.12173105909593462,-0.016975248252326616,0.09639527217074863,-0.0022366307579418884
127,Matrix B,Hadoop,2.0,0.49824011701615384,0.5338706837663826,0.41156436539100305,1-to-1,,,,,,,,
128,Matrix C,CacheFollower,1.0,0.45664101386204586,0.46609857868126364,0.2266248575713327,4-to-1,0.11194710392453905,0.0395091532539996,0.9251029270002729,-0.31880189257655045,0.23290785748685294,-0.032912857338190764,0.09270634256221306,0.010011425892485798
129,Matrix C,Hadoop,1.0,0.39190538186072243,0.4195129368036019,0.19492511995706271,4-to-1,0.34098741970230156,0.027613081695193695,0.35103387654523377,0.020157231329079244,0.1301805546753474,-0.028876771927063203,0.11115994424296124,-0.027103245796644637
130,Matrix B,CacheFollower,1.0,0.6503440744522004,0.6567241297056348,0.5426640027373746,2-to-1,0.41670208597460673,0.12744005079451964,0.5288048672260208,0.272901162221991,0.4758062663920717,-0.10767975640309667,0.25637709983593204,-0.16852597016202725
131,Matrix A,Hadoop,2.0,0.5180003868085181,0.532561594608279,0.33728230934109954,4-to-1,0.12315704711606736,0.015841663591800278,0.17444332994398773,-0.3363924096537224,0.031203198772663532,-0.00301818822027466,0.06970487286765802,-0.025780036484987254
132,Matrix A,CacheFollower,2.0,0.3419344937812453,0.3429078268384442,0.3169492981349422,2-to-1,0.1928954293635819,0.10156653085160157,0.17160323343195794,0.06018515302511625,0.07537028169282281,-0.025680088762605267,0.09463860443174434,-0.008033341729820197
133,Matrix B,CacheFollower,1.0,0.3914071175035624,0.39525386002091456,0.32113062966725003,1-to-1,0.12247952666046964,-0.09372168917838106,0.0998743280715195,-0.014230444831786527,0.13619953012619782,-0.02807895441189311,0.11795448234251037,-0.06207222843465401
134,Matrix C,Hadoop,2.0,0.4241574152059473,0.45516916068887836,0.2114909488423637,4-to-1,0.3475202827734134,0.053037172172208484,0.31192933643464127,0.04188877783075667,0.13416455002181057,-0.03967412872389144,0.1105960393938049,-0.02631336131896671
135,Matrix A,Hadoop,1.0,0.5683213427477707,0.6061135522045036,0.50001304746808,1-to-1,0.5415972744832297,0.2314412759088798,0.7782766140821802,0.4105154664267475,0.17154604831198772,-0.09898445792917857,0.1312465077366788,0.08052671482144462
136,Matrix A,CacheFollower,1.0,0.4954424477588005,0.4974522102839162,0.45979965999034056,2-to-1,0.3086847778285308,0.04882017107543535,0.2635956003889471,-0.15696706889088366,0.17378529817688165,-0.1128059887186592,0.07156845114880571,-0.023830575136293188
137,Matrix C,WebServer,2.0,0.3516087802067719,0.37526083561627893,0.1494775934053527,1-to-1,0.2884342745271902,0.009562055047632394,1.2988202009682188,0.42533988310778226,0.09452388357320582,-0.022093568854432866,0.1570918914517157,-0.02120776328040395
138,Matrix C,WebServer,1.0,0.6056627327176369,0.6447838922900518,0.26779914327469395,2-to-1,0.698308377015975,0.1220892587668724,0.5804877921255762,0.11167339017591404,0.26053920750917114,-0.07951688413687981,0.25013109014291274,-0.0225907897323757
139,Matrix A,CacheFollower,2.0,0.36169084657817685,0.3627128797236709,0.3352550850517118,2-to-1,0.20545175471661867,0.04899426234064165,0.15804793853032834,0.010195959450591695,0.0946206690493541,-0.0804974275608896,0.09758954142886994,-0.040720163437228174
140,Matrix C,Hadoop,2.0,0.26457544482013917,0.28391365270986296,0.11698016123457629,2-to-1,0.18262469251182106,0.017118373979441038,0.22450884392577883,0.01278241370093441,0.09466781010025549,-0.004824682511880795,0.06857797212180411,4.162928331275584e-05
141,Matrix B,CacheFollower,1.0,0.3146075118311099,0.31619525920285935,0.25630978971889257,4-to-1,0.09457029217449828,-0.07831794178896674,0.1781680913605085,0.1190712127365687,0.029892512684513886,0.05545847597887587,0.05791700780715112,0.12903384007621285
142,Matrix A,Hadoop,2.0,0.6382770065410617,0.6798933619039752,0.5608799690500437,1-to-1,0.6993846373251813,0.1251779474066701,1.1940916532970833,0.38262366037267787,0.2869346034933181,-0.12428958161711189,0.14985152704971283,-0.024856091234447868
143,Matrix B,CacheFollower,1.0,0.6195808254213897,0.6256347934326123,0.5169742756851772,2-to-1,0.4386565848127465,-0.1571392079601952,0.5689855869421895,-0.09724193372842027,0.34167603192478946,-0.07461200366772865,0.17137411286079005,-0.14093395593178032
144,Matrix A,Hadoop,2.0,0.3881829176457554,0.3991079889783505,0.25276337153854456,4-to-1,0.09959583936033618,0.09678666837878167,0.0863342671778824,-0.36158008644499046,0.0207542607119528,-0.0440239440822987,0.057826132097567366,0.0034306637008434276
145,Matrix C,WebServer,1.0,0.5497249697782385,0.5852574597089185,0.2741499972658868,4-to-1,0.626522539217784,0.07107793283874868,0.6099371121402258,0.06197130579978835,0.17298719122080314,-0.05115768704128833,0.18947705873007206,0.0032666137269297883
146,Matrix B,WebServer,2.0,0.4873949190368663,0.5336820632069678,0.40868873886369156,2-to-1,,,,,,,,
147,Matrix A,Hadoop,1.0,0.3726029934923354,0.39740437296643133,0.3462794478646397,2-to-1,0.17060776260537946,0.1062902877213932,0.22243193077668885,0.10035732770785859,0.06383059160854482,-0.022906605567375244,0.14515950132496894,0.04808842711484919
148,Matrix B,CacheFollower,1.0,0.4402139263202343,0.44243116640716074,0.3586373796788938,4-to-1,0.11377517515484648,0.08020005515625582,0.23412931807799778,0.1602010465627019,0.08219919490464721,-0.06107583649650241,0.043675629403423365,0.05617451254372881
149,Matrix B,Hadoop,2.0,0.492439325719155,0.5032069441772895,0.40367557569905693,4-to-1,0.3793293309254375,-0.09881505769385249,0.39516666797794575,-0.15614223750170883,0.07331565694511548,-0.06827038265861346,0.1995546822850609,-0.1613160980556326
150,Matrix C,WebServer,2.0,0.7165477704140878,0.7647301842321848,0.3582170591379346,4-to-1,1.1166668405936322,0.25733677846510383,0.941699863675905,0.14367143558671172,0.5968481167291473,-0.14179775620061186,0.3131865561536694,0.011126168110894192
151,Matrix C,Hadoop,1.0,0.42582408589101306,0.4558189412646985,0.17998962570199942,1-to-1,0.39756282510639784,0.046402274523139934,0.41601330525101643,0.045432948364660775,0.14836774945619713,-0.03594845001393928,0.09801491259545306,-0.0036419658211460106
152,Matrix B,WebServer,1.0,0.43017195695609256,0.43856259338651715,0.3525074092567983,4-to-1,,,,,,,,
153,Matrix A,WebServer,2.0,0.25206033685414797,0.27733939828756454,0.22190168549580955,1-to-1,0.10142986082046833,0.09004657646885635,0.12319194180761621,-0.3880514041091229,0.018080320252521896,-0.01625883069214471,0.08169309579213088,0.149920045187061
154,Matrix B,CacheFollower,2.0,0.6012296386065648,0.6070239662887817,0.49318507000449574,1-to-1,,,,,,,,
155,Matrix C,Hadoop,1.0,0.3144567544030674,0.33661040066832204,0.13291764457228739,1-to-1,0.2626175489202121,0.03895478504373803,0.2098496626153049,0.03173851110274536,0.12286521627395522,-0.017103799132087705,0.07509162773267819,0.002992784003715719
156,Matrix C,Hadoop,2.0,0.710536714562492,0.7624506425277178,0.31415044060060765,2-to-1,0.999471030012399,0.1898198149626349,1.0223412524770286,0.1688084177676058,0.787738227460443,-0.20765830814500444,0.3534099590285087,-0.019298444228178384
157,Matrix B,CacheFollower,2.0,0.5464247734227365,0.5517041680300541,0.4558822926891775,2-to-1,0.38703099123207996,0.05900600058114796,0.40513329472475357,0.009063945466060515,0.2794135329421148,-0.08022736476253074,0.20972473207298453,-0.20417104529588176
158,Matrix B,WebServer,2.0,0.46445782633635463,0.5085880512539748,0.38360527782298726,1-to-1,,,,,,,,
159,Matrix A,CacheFollower,1.0,0.35483917027680567,0.35627744878247575,0.329310527600987,2-to-1,0.16904347925965502,0.0749529022119357,0.1326953356599583,0.10873175218365366,0.093141520699806,-0.03010471145117699,0.05437142024486045,0.018445425644078892
160,Matrix C,WebServer,1.0,0.46012220978164114,0.489924095045757,0.20348097168157878,2-to-1,0.43570879564620785,0.023257812969664757,0.3599233295343844,0.0892481239178197,0.12124515500740046,-0.024630773454475265,0.2056661664949425,0.0023578573019435015
161,Matrix C,Hadoop,1.0,0.4869788383872355,0.5212677530448697,0.20583345548491816,1-to-1,0.516616482356449,0.05993306346996098,0.5093543281965235,0.09682236287616258,0.16698365161506898,-0.05590140378257023,0.11035608617370775,-0.005009678254609787
162,Matrix B,WebServer,2.0,0.35743736808149074,0.3914178042545824,0.2952289876952066,1-to-1,,,,,,,,
163,Matrix A,Hadoop,2.0,0.2607629057674832,0.27778208592309456,0.24204751382701056,2-to-1,0.09790449789059157,-0.014800543021387322,0.11979462457452816,0.10092092492084799,0.03322479878612477,-0.03880933864167971,0.07111947914656,-0.038554363845227285
164,Matrix A,CacheFollower,1.0,0.2862987474854347,0.2873992597565067,0.1863029023559109,4-to-1,0.07997719963126038,0.04563637744657513,0.09070275763344665,-0.3261502010641861,0.020997544168831768,0.006253105774949662,0.052905067015498145,-1.8124359658250933e-05
165,Matrix C,Hadoop,1.0,0.4976038462949421,0.5326678402362189,0.21033501794084794,1-to-1,0.491393442475603,0.07652191030463434,0.5428149124746457,0.13207749611876338,0.17477615400207774,-0.04869122484687989,0.12433174580824638,0.021137375082625445
166,Matrix A,Hadoop,2.0,0.4377477482944125,0.4663187871874374,0.38469101423506225,1-to-1,0.331064625776557,0.15326039794993387,0.24286225746646348,0.056125905678234576,0.06824693566879068,-0.04509122292881083,0.106959437726876,0.10225880593714745
167,Matrix C,Hadoop,2.0,0.3739547223548296,0.40128109076822,0.18645225988268668,4-to-1,0.3288721347526452,0.03856873069284616,0.3334225306134807,0.03427093069236542,0.11493676340741261,-0.02268028608930313,0.09075864704526132,-0.01948092926035848
168,Matrix B,WebServer,2.0,0.35186803852402815,0.3853428636621932,0.2950919654381212,2-to-1,,,,,,,,
169,Matrix B,CacheFollower,1.0,0.49779345206767084,0.5026771240194552,0.4153719466977642,2-to-1,0.27064522024521587,-0.22768413227546955,0.2769083290728885,-0.2849378639874408,0.1962226202103761,-0.14303158993276857,0.1780185882812699,-0.21445892644642978
170,Matrix C,WebServer,1.0,0.45969779337288225,0.48943496039805195,0.1949587460300004,1-to-1,0.4162067623794635,0.021574545887945988,0.38340306591073015,0.057537687337295106,0.11494489949938413,-0.031538443837188845,0.1799305841291204,-0.013959064454898652
171,Matrix C,CacheFollower,2.0,0.3899553900952213,0.3990165746211117,0.16302874364072387,1-to-1,0.17584846735920537,0.03055823454760465,0.7201463540786155,-0.29682801668854897,0.15542621582547897,-0.046893424460266356,0.056497608769404836,0.015876086493667462
172,Matrix B,WebServer,1.0,0.6690420765770847,0.7328030964126653,0.5527225771289271,1-to-1,0.5057515099842531,0.08255088097552966,0.49887551352805537,0.06969023492411995,0.3100872574946817,-0.21542781488944018,0.12389262054867588,0.04924946465012068
173,Matrix C,CacheFollower,2.0,0.3960337478872348,0.4052362159250291,0.19703105224305525,4-to-1,0.15854051253464718,0.028668924644934514,0.7667717317698214,-0.324563445319524,0.15859619987770487,-0.0441441244311677,0.09715367178193622,0.024605904611756917
174,Matrix C,Hadoop,2.0,0.46849940132410967,0.5027489401131117,0.2071462626588922,2-to-1,0.43478688289566925,0.07551818902879526,0.5930634535409545,0.1061003130771205,0.1411764889561034,-0.049138199312749965,0.08771641173120918,-0.009778273488279744
175,Matrix B,WebServer,1.0,0.491735519764727,0.53849657310621,0.41237709462105776,2-to-1,,,,,,,,
176,Matrix C,CacheFollower,1.0,0.6155246951323434,0.628256332027898,0.3054686460716141,4-to-1,0.3795476723823184,0.09113952660633658,1.5462187800315772,-0.016931995980893098,0.6356913345309831,-0.1299171322534531,0.24006633253711346,0.01679560312871976
177,Matrix A,Hadoop,2.0,0.25428706454458816,0.2708778190494174,0.2234614298312258,1-to-1,0.11031052177322907,-0.0049761490071212845,0.12914290394282701,-0.3166632413569774,0.03125286848750151,-0.012618278293550576,0.06228890437463536,0.001543192549486841
178,Matrix A,Hadoop,1.0,0.5249442952927075,0.5403721623873357,0.3422296495774508,4-to-1,0.1341941143663303,0.02014404231521456,0.1725602776133132,-0.33323318603604,0.029390975568064342,-0.00554059467740699,0.07866436455660847,0.0266314992752435
179,Matrix B,WebServer,2.0,0.28461777988293036,0.311682487243823,0.23508819521200222,1-to-1,,,,,,,,
180,Matrix C,WebServer,2.0,0.5959382679039567,0.6360654726504803,0.25336386600201294,1-to-1,0.7436099703851073,0.10347471855156085,0.5722753227340109,0.11125147026758876,0.25696195895057716,-0.07382143715138836,0.2521605649692813,0.03048681029665655
181,Matrix B,WebServer,2.0,0.3510081172036781,0.35775965890366385,0.2875598090177984,4-to-1,0.20756199618895746,0.2902242894326572,0.15517297803942712,0.11170866149984145,0.042214927984312534,-0.0646002298726626,0.06010544539066413,0.23198929851982836
182,Matrix C,WebServer,2.0,0.31519777454448783,0.33646733944429136,0.13402498577041838,1-to-1,0.2332085023574001,0.0041348108703418455,1.1596080978656853,0.33498188780680804,0.08987985574841831,-0.01843544329740471,0.13152727953206106,-0.010421933625150964
183,Matrix B,WebServer,2.0,0.46696641106108877,0.5112059793399244,0.39147676373740153,2-to-1,0.25565099067895247,0.05865613601726863,0.16987566708830232,0.09668757916618446,0.11894327932078458,-0.04192886965088917,0.12356498563753944,-0.052528061938363346
184,Matrix A,Hadoop,1.0,0.729101716771376,0.7776210823190328,0.6775823753382046,2-to-1,0.7901636745535834,0.149480801890483,0.8458358213659395,0.12615181890812907,0.4685036535309638,-0.12522389782983662,0.17430186351213572,0.0801400443347885
185,Matrix A,Hadoop,1.0,0.5614998547214793,0.5779821767296252,0.3660489040124954,4-to-1,0.1408601280689533,0.029811018981069946,0.1857567120837483,-0.3183627200191633,0.04173939599987439,-0.046921398496481075,0.09101159817798095,0.03897992964760835
186,Matrix C,Hadoop,2.0,0.37802752671672857,0.4056551102546907,0.1601795339272934,1-to-1,0.3519645422392354,0.04652400393751795,0.3219821930274,0.040674153075087115,0.11005661757633065,-0.01580892107168155,0.06316442456305355,0.0012904541653622234
187,Matrix C,CacheFollower,2.0,0.6803397105255539,0.6961597015002079,0.2977342690460632,2-to-1,0.8467031564224032,0.17250862898792055,1.712730859116765,0.17769940961851616,0.961875311093299,-0.1795800368933315,0.3079194810198391,0.0033488781831361235
188,Matrix A,CacheFollower,2.0,0.5369251655038476,0.5384428059329913,0.49768204763909174,2-to-1,0.5109612979341283,0.13165942665785654,0.2950037664822655,-0.20135400465193046,0.24787498739804348,-0.1078995770714679,0.11149097633838069,-0.022147549470342687
189,Matrix B,CacheFollower,1.0,0.555442435921554,0.558238116313896,0.45251119374968063,4-to-1,,,,,,,,
190,Matrix B,WebServer,2.0,0.6224102471231658,0.6345578249811195,0.5100444458454241,4-to-1,,,,,,,,
191,Matrix C,WebServer,1.0,0.3017955243982935,0.32133539777283565,0.12799891975228275,1-to-1,0.22018360517097518,0.019338983444319977,1.1053485996653252,0.3279703608434889,0.08740710754024364,-0.009940720545304434,0.11787301419029597,-0.009771746334213197
