id,matrix,size_dist,lognorm_sigma,max_load_spec,max_load,top10pct_load,oversub,was__ns3__pmn_m,p99__ns3__pmn_m,p99__ns3__mlsys
0,Matrix C,CacheFollower,2.0,0.6546710160064348,0.6591611430616593,0.2723146939847312,1-to-1,0.10974579356552343,0.07505685079913996,-0.7922124145946442
1,Matrix C,CacheFollower,1.0,0.2851827465663648,0.2876929699478417,0.11885259451670038,1-to-1,0.00991382393950974,-0.011454240384935236,-0.5948691803364641
2,Matrix C,CacheFollower,2.0,0.5150773623899252,0.518592781711457,0.255199141067721,4-to-1,0.06241148190186934,0.04123603971086277,-0.743449445171297
3,Matrix A,WebServer,1.0,0.7324178498227348,0.7709129288939737,0.6500456006146497,1-to-1,0.5507147469141718,0.1950855098097169,0.08925669180599445
4,Matrix A,Hadoop,2.0,0.3455859171762805,0.36424945734588,0.3060586524838771,1-to-1,0.08002176011683454,0.01874714377664602,-0.22581333573511017
5,Matrix B,Hadoop,2.0,0.6104936716327665,0.6166364382169393,0.4973821265629491,4-to-1,0.3874579126064401,0.1227709150119749,-0.1729261623550203
6,Matrix B,WebServer,1.0,0.6901726291402162,0.6980250363758499,0.5628282178238886,4-to-1,0.5783730158118128,0.25970046290711646,-0.3883320494618301
7,Matrix B,Hadoop,2.0,0.7126208270275072,0.7273665617621711,0.5849663040293989,1-to-1,0.3780925430658892,0.10215307661765816,0.16374457336074874
8,Matrix A,Hadoop,2.0,0.25751251172962664,0.2617718317237643,0.16821283993102365,4-to-1,0.03812503322525972,0.07339554999104926,-0.2643081709328043
9,Matrix A,CacheFollower,2.0,0.5568846038892901,0.5565187674786835,0.3623877336782236,4-to-1,0.31564471126650473,0.1826705969189155,-0.28444359439658595
10,Matrix C,CacheFollower,1.0,0.2919822652843035,0.294553895043232,0.12746598855620228,2-to-1,0.010020821384142665,-0.017677451733218576,-0.5977021418786226
11,Matrix C,CacheFollower,1.0,0.36787237542304263,0.37110609088770635,0.16059337707059548,2-to-1,0.015192030436060206,0.007502969618206119,-0.677749987372149
12,Matrix C,WebServer,2.0,0.7383383855483423,0.7700406156740287,0.325269561911615,2-to-1,0.18733694726122835,0.0970974831310247,-0.8036990498918662
13,Matrix B,Hadoop,2.0,0.5860334719877185,0.591899435235281,0.47742913258870195,4-to-1,0.33246253845429835,0.10183702642428238,-0.18165667847375097
14,Matrix C,CacheFollower,2.0,0.2671581429794989,0.2689847849388525,0.11112382786220588,1-to-1,0.015925255786580175,0.00048519696375683684,-0.6173892665490547
15,Matrix A,WebServer,2.0,0.6213051726408152,0.6529370250217466,0.5822289599255619,2-to-1,0.45785361968628463,0.17984716450054294,-0.24936608726971876
16,Matrix A,WebServer,1.0,0.409306522776384,0.43076241555513783,0.38411778418386383,2-to-1,0.1292930679104997,0.06956761476837321,-0.3139035840833533
17,Matrix B,WebServer,2.0,0.2590273444600284,0.2636001839279914,0.21635238788597794,2-to-1,0.04977203305186588,0.060282524514267376,-0.28589494479878735
18,Matrix A,WebServer,2.0,0.27197601043687214,0.28589346871728827,0.24106773643888035,1-to-1,0.06556576300365435,0.06514471183238589,-0.17933669567687743
19,Matrix C,Hadoop,1.0,0.46548395995167463,0.48174592848983067,0.19638509844413576,1-to-1,0.07922800674156857,0.024609664095078414,-0.7596447707779673
20,Matrix A,CacheFollower,2.0,0.42465960069254305,0.42440217298756777,0.27635751141884735,4-to-1,0.15133848787050755,0.10028771245824775,-0.2785471964619161
21,Matrix C,CacheFollower,1.0,0.2616492152306864,0.26395187509410795,0.11422319397691946,2-to-1,0.00917866054218087,-0.008138203591788379,-0.55244967330632
22,Matrix C,WebServer,2.0,0.30340988002115266,0.31639692836361577,0.13364787284713586,2-to-1,0.05099002971470935,0.027421346332346514,-0.6715224115774051
23,Matrix C,Hadoop,2.0,0.2719164250616908,0.2808672646686301,0.13558122383584428,4-to-1,0.04100979293658886,-0.012043789109326153,-0.6918093001573555
24,Matrix B,WebServer,2.0,0.349409375763963,0.355573105867268,0.2918400487346142,2-to-1,0.07781907761842793,0.07442643728904727,-0.34598712942570675
25,Matrix A,Hadoop,1.0,0.6068434737969903,0.6402723654149143,0.5687675531344533,2-to-1,0.37895010215753594,0.11803369952859186,-0.27428382217593184
26,Matrix A,CacheFollower,1.0,0.30974796746406696,0.3112208616284272,0.2738521446107536,1-to-1,0.07731649014674204,0.05220488557823061,-0.21616836966735384
27,Matrix B,Hadoop,1.0,0.32663654142670284,0.3301038370380885,0.2662639933089211,4-to-1,0.06509690704980184,0.017956837940755466,-0.29316251080526584
28,Matrix A,Hadoop,2.0,0.3895119590853292,0.39594782279670027,0.25443344037129006,4-to-1,0.08318728544123279,0.049297524960088226,-0.3373039875338998
29,Matrix B,WebServer,1.0,0.518351058647661,0.5279212290725441,0.43329652855480877,2-to-1,0.15589639320356358,0.07226488605382368,-0.3988452616846569
30,Matrix C,WebServer,2.0,0.2625526151749801,0.2738085183549648,0.13110418254979775,4-to-1,0.04359043671204891,0.038431227410960285,-0.6287276307629082
31,Matrix C,WebServer,2.0,0.47527916957783684,0.49555750161971035,0.20020120887630471,1-to-1,0.09079314708231796,0.06343840610244342,-0.7334886154432219
32,Matrix B,Hadoop,2.0,0.5584738779382943,0.5700449226534888,0.46679303412940476,2-to-1,0.1948961764661599,0.0522657703951769,-0.1646786756387548
33,Matrix B,Hadoop,1.0,0.2777842232339133,0.28370501457520436,0.23231775350304748,2-to-1,0.048493953466016516,0.017041115381404195,-0.31200983795203135
34,Matrix C,Hadoop,1.0,0.3857303263943396,0.3992011546042259,0.16273548651023315,1-to-1,0.06498326992526522,0.02782186954377572,-0.7575207102446639
35,Matrix A,WebServer,2.0,0.2630220239195611,0.2765106385322609,0.24656665998860022,2-to-1,0.06693122567004124,0.06318455925863102,-0.27099847379078745
36,Matrix A,WebServer,1.0,0.4189518845598552,0.4268745738592954,0.274310178057828,4-to-1,0.09013264084811508,0.08589262950614003,-0.2621768335355135
37,Matrix C,Hadoop,1.0,0.6046028883056305,0.6256956632566842,0.2550666174024014,1-to-1,0.10904107662972848,0.020185206744643046,-0.7684892987166754
38,Matrix C,Hadoop,2.0,0.6834829684595175,0.7059739488900355,0.3007508890208525,2-to-1,0.14705541920224927,0.058065118107507585,-0.7825961816475016
39,Matrix A,CacheFollower,2.0,0.2696321481117253,0.2706457266553935,0.2514692270127066,2-to-1,0.09278397014930055,0.06321744656332134,-0.26878263000036173
40,Matrix C,Hadoop,2.0,0.5152928979574745,0.5322486129328099,0.2267424226861392,2-to-1,0.09420899113612527,0.02738370648947114,-0.7574125296660075
41,Matrix A,WebServer,2.0,0.3266624065232707,0.33254577055776346,0.21369409093095804,4-to-1,0.06110766016847771,0.07565383756585464,-0.22142426894955045
42,Matrix C,CacheFollower,1.0,0.5569544659977093,0.5618630293742494,0.24314201128375607,2-to-1,0.04195744507382225,0.034192597379063654,-0.7500300175328168
43,Matrix C,WebServer,2.0,0.4920141804432579,0.5130852672169132,0.20728228393453274,1-to-1,0.09534788116023171,0.06246071440547476,-0.7368179379363741
44,Matrix B,CacheFollower,2.0,0.2935749864576772,0.29401569113025033,0.23901979139944232,4-to-1,0.08784089724642354,0.03864274540033103,-0.294941475225599
45,Matrix B,Hadoop,2.0,0.31627027149863873,0.3194482932912132,0.2576686384368904,4-to-1,0.0676966903453564,0.020247610694858312,-0.2897409842375021
46,Matrix A,Hadoop,1.0,0.47397038559206334,0.5000982817941234,0.42020840161439726,1-to-1,0.1359786826324332,0.049356874202555925,-0.13208005698830622
47,Matrix A,WebServer,2.0,0.6494533494271933,0.661196684703691,0.4248853449951434,4-to-1,0.39990529330897123,0.27989973091975284,-0.3007819193404802
48,Matrix B,CacheFollower,2.0,0.5399094882804178,0.543312053562992,0.44334084767759635,1-to-1,0.22614219664899451,0.045238389402833555,-0.27455589398469943
49,Matrix A,WebServer,2.0,0.2777694326655076,0.2919814117608635,0.2603620672998521,2-to-1,0.07235573673757921,0.06510607199436093,-0.2796397640167236
50,Matrix A,Hadoop,1.0,0.6220991136292884,0.6563320510802365,0.5514840825776127,1-to-1,0.2931088908678886,0.10647358010946481,-0.022535884766469172
51,Matrix A,CacheFollower,1.0,0.4556169864961452,0.45579321488458013,0.2967978559907346,4-to-1,0.11370805140937497,0.07700686356459839,-0.29592840902104495
52,Matrix C,CacheFollower,1.0,0.6112845687720734,0.6166598019492793,0.2547563724232013,1-to-1,0.05498513459500127,0.03776279854953432,-0.7705267569464272
53,Matrix C,CacheFollower,2.0,0.7390207853323516,0.7440860266512216,0.3073991250465845,1-to-1,0.16603076029220618,0.10927710237970299,-0.848145197759071
54,Matrix C,CacheFollower,1.0,0.3997012306279446,0.40320785953282573,0.1665744569426098,1-to-1,0.017092167488442875,0.039958490169087126,-0.7134349356850029
55,Matrix A,WebServer,2.0,0.5696093428489593,0.5797191466521132,0.37252783528704475,4-to-1,0.25094144472675345,0.1756271030378802,-0.2857502962637896
56,Matrix A,CacheFollower,2.0,0.5593355068507759,0.5614364979856528,0.49402646430007735,1-to-1,0.3198701910118264,0.11289800577287462,-0.10601962738362512
57,Matrix B,Hadoop,2.0,0.6056914918947001,0.6182224426056929,0.5062441893227462,2-to-1,0.24515099541862373,0.0670624001574283,-0.12611079173510825
58,Matrix A,WebServer,1.0,0.46186434056093467,0.48610345191405774,0.40988988347380834,1-to-1,0.14200274762042245,0.06563078653055722,-0.1552846238651063
59,Matrix A,WebServer,1.0,0.36963396623102673,0.38888270162775457,0.34677296845412536,2-to-1,0.10458846335628726,0.07246315648111189,-0.2982916615702353
60,Matrix B,Hadoop,1.0,0.5831753530088837,0.5893622365373935,0.47538357630915967,4-to-1,0.29881432259160523,0.08901558954843052,-0.18219640466711706
61,Matrix A,Hadoop,2.0,0.5655960123381027,0.5961395316100478,0.5295584428224889,2-to-1,0.31947101000214306,0.10370938473884334,-0.28523325683625905
62,Matrix B,Hadoop,2.0,0.3755568458443934,0.37933000362954566,0.3059695343681826,4-to-1,0.09465970103764931,0.011131538675825827,-0.28104043561274084
63,Matrix B,WebServer,2.0,0.7311332739938902,0.74408901846797,0.6107182231472366,2-to-1,0.4759797032227997,0.18560079331813353,-0.3929604708427481
64,Matrix A,WebServer,1.0,0.4843775243854434,0.509824451154515,0.4546186743862665,2-to-1,0.19568781980764466,0.07566890396180145,-0.3175668968792719
65,Matrix B,Hadoop,2.0,0.3469791436046634,0.3541657616665898,0.28482892602303556,1-to-1,0.0685031050409724,0.0027661025703680977,-0.23399495921233945
66,Matrix B,WebServer,2.0,0.35548132138250854,0.3618023036509193,0.291637739645032,1-to-1,0.0771014390261699,0.07148967309976867,-0.3072567610721278
67,Matrix C,Hadoop,2.0,0.39717170709244765,0.4102431321936032,0.1747670532575838,2-to-1,0.07023509846801884,0.027438623237082474,-0.7543337378498653
68,Matrix B,WebServer,2.0,0.2557384943449943,0.2602780435058261,0.2136257091638966,2-to-1,0.048893801521907365,0.059285788702304845,-0.2828871116354266
69,Matrix C,Hadoop,2.0,0.3390592231106748,0.35022337901824185,0.14276933655226295,1-to-1,0.05969132875033065,0.04016881511930087,-0.7409313405197989
70,Matrix A,Hadoop,2.0,0.5069716246400675,0.5153632972063835,0.3311690308663074,4-to-1,0.1684137675602188,0.06984939557461912,-0.3522297707984555
71,Matrix A,Hadoop,2.0,0.705462539767861,0.743575178303556,0.660527431417283,2-to-1,0.726259495124388,0.16941103935613977,-0.23594991659514386
72,Matrix B,Hadoop,2.0,0.5003988892645248,0.505433260338382,0.40768507062652964,4-to-1,0.1975177964656945,0.04016033778967158,-0.22400124359442156
73,Matrix B,CacheFollower,1.0,0.7496522051820941,0.7548334585318939,0.6159416820633578,1-to-1,0.4264914234032921,0.06954600574487077,-0.22086405134332693
74,Matrix B,WebServer,1.0,0.5909489223635469,0.6016357640993555,0.4937984565404442,2-to-1,0.2204837721652631,0.11700914904129983,-0.393426167077709
75,Matrix A,WebServer,1.0,0.34691401838273683,0.36514808084673667,0.32560842479408364,2-to-1,0.0932009595815932,0.07009547209804039,-0.2938167004577211
76,Matrix A,WebServer,1.0,0.5090416360434802,0.5186675108957174,0.333296443444509,4-to-1,0.15419924339750302,0.12070583358570575,-0.2809714098580686
77,Matrix B,CacheFollower,1.0,0.47194363451311944,0.4751979463886576,0.3877600007051552,1-to-1,0.1196359140807782,0.014072543936902172,-0.30322783530016134
78,Matrix A,Hadoop,2.0,0.5159723315456286,0.5244935387673176,0.33703606342571235,4-to-1,0.17780922199483729,0.07196004564741545,-0.35376225619808477
79,Matrix C,CacheFollower,1.0,0.5450266051642836,0.5498071678071677,0.2705596877818729,4-to-1,0.04145688508000857,0.03650952873647018,-0.7473666435965628
80,Matrix A,Hadoop,2.0,0.7350793657763435,0.7748544133669228,0.651067264100649,1-to-1,0.5847088586222386,0.15161765807449615,0.06675413019770043
81,Matrix C,CacheFollower,2.0,0.6029843876836714,0.6071164236968127,0.2627250522264428,2-to-1,0.08766490793325975,0.05381797942098059,-0.7686601218572205
82,Matrix A,Hadoop,1.0,0.37647944685565304,0.3972237873824608,0.33376793895379164,1-to-1,0.08356451195697173,0.017732235639658485,-0.21109123355266274
83,Matrix C,CacheFollower,2.0,0.5614672863273176,0.5653000142756848,0.2446293165104797,2-to-1,0.0736670836532953,0.04152318116187148,-0.7563560235154815
84,Matrix A,WebServer,2.0,0.6463781020757684,0.6578943818213364,0.4227632833926664,4-to-1,0.3927418526298435,0.27506778877101157,-0.3000933466019464
85,Matrix A,CacheFollower,1.0,0.6330249900710475,0.6360154856238712,0.5596482312672021,1-to-1,0.32914918612912636,0.11163510743679622,-0.09598947189173483
86,Matrix C,WebServer,2.0,0.308329956610627,0.3215686795100847,0.15397256124575898,4-to-1,0.05250091384244167,0.030385217294552364,-0.6757145703064407
87,Matrix C,CacheFollower,2.0,0.5750752053631623,0.5790179773110095,0.25056566153141907,2-to-1,0.07720200791160299,0.044225890100279684,-0.7602013447082607
88,Matrix C,WebServer,2.0,0.4886233680157534,0.5096258664357194,0.21526888186782514,2-to-1,0.09346920214453125,0.061989637649872247,-0.7358584638128084
89,Matrix B,Hadoop,1.0,0.5817947562675669,0.5941731523301393,0.4778489329218192,1-to-1,0.1855845437107754,0.052671239847438156,-0.06252174120093879
90,Matrix A,Hadoop,2.0,0.5611895251834542,0.5915351908614042,0.4970342707730313,1-to-1,0.22832949007278439,0.08818352351059434,-0.07190407624158107
91,Matrix C,WebServer,2.0,0.36708612320760126,0.38276271040085785,0.16168115887800572,2-to-1,0.06454409956541313,0.03844025344474582,-0.7058252005021917
92,Matrix A,Hadoop,2.0,0.36583227014692055,0.38561344399812586,0.3425454010615902,2-to-1,0.10321091365671536,0.022982255549512397,-0.3398533820321245
93,Matrix B,CacheFollower,2.0,0.36343669711607274,0.36397848980699427,0.2958959855962494,4-to-1,0.1306616853481638,0.03644492252351853,-0.31313388199649617
94,Matrix B,CacheFollower,2.0,0.7217600124331737,0.7263454247233023,0.6034177311426818,2-to-1,0.5595649773060013,0.08363667569763604,-0.32292619939786676
95,Matrix C,CacheFollower,2.0,0.29252399644765925,0.29452862858243345,0.127455042076386,2-to-1,0.018470611512012965,0.006306235162198836,-0.63783647522468
96,Matrix A,CacheFollower,1.0,0.3928900746943492,0.3947527188822978,0.3473542168557043,1-to-1,0.11040077356722622,0.04271570362848597,-0.19264476129272418
97,Matrix B,CacheFollower,2.0,0.7116169967606567,0.7161470141138513,0.5949453135195738,2-to-1,0.5340829088259759,0.08205393447579712,-0.3232108333755167
98,Matrix A,Hadoop,1.0,0.2909727515998869,0.3070014641576233,0.25795848385574277,1-to-1,0.056281616843196956,0.02588784708107022,-0.24722497272464716
99,Matrix A,WebServer,2.0,0.3360553892659176,0.35335799626348496,0.2979543837884375,1-to-1,0.08824914186709056,0.07132358338746343,-0.17948952854612465
100,Matrix B,CacheFollower,2.0,0.373830321652044,0.37619794106704263,0.3125296867491665,2-to-1,0.11526804287233265,0.017586746393079607,-0.3341895627221445
101,Matrix C,CacheFollower,1.0,0.41476002394153044,0.4184129526936656,0.1810650666588571,2-to-1,0.019703333921594395,0.053434422430761054,-0.716102182201656
102,Matrix A,CacheFollower,1.0,0.4932731422127044,0.4934675749405576,0.3213301854024944,4-to-1,0.1410277883165839,0.08283522411284606,-0.3049948681930405
103,Matrix C,WebServer,1.0,0.3493656036161469,0.36501703505779937,0.1747765903994567,4-to-1,0.05746013821817634,0.026361705661432807,-0.6968793364290675
104,Matrix A,CacheFollower,1.0,0.7313691177103281,0.734895366759939,0.6466554690964896,1-to-1,0.5499465782344733,0.13034318473140233,-0.09033865479031718
105,Matrix C,CacheFollower,2.0,0.5642609863149368,0.5681098593442037,0.27956645992617474,4-to-1,0.07833949023584143,0.0434677208748093,-0.7560708839386071
106,Matrix A,CacheFollower,1.0,0.6016512914975161,0.6044818145277923,0.5616494885829553,2-to-1,0.373109429505425,0.11723327210691047,-0.21777413688812747
107,Matrix B,WebServer,2.0,0.34208557771505443,0.34576151171762054,0.2787922333199375,4-to-1,0.08136472821597626,0.07343410144230048,-0.28794293516607683
108,Matrix B,CacheFollower,1.0,0.6422320509290859,0.6466976031713325,0.5277031708052036,1-to-1,0.24896429332180658,0.048051245939182995,-0.27830478598955954
109,Matrix A,WebServer,2.0,0.4584110642684848,0.4819403866495387,0.4297499439836793,2-to-1,0.18804931216514117,0.07584881669619563,-0.3185220817156956
110,Matrix C,CacheFollower,1.0,0.6698157913107089,0.6756844918142018,0.29239739535497516,2-to-1,0.07309574326151179,0.05585890404605845,-0.7929192280232483
111,Matrix B,WebServer,1.0,0.4433183807243915,0.4483604488828261,0.3615198585073821,4-to-1,0.12854967729487154,0.0817990960429243,-0.3435682167361648
112,Matrix C,Hadoop,1.0,0.737859350819907,0.7636383846921988,0.36862665553259993,4-to-1,0.17835738016784208,0.11484103437442665,-0.8077601982048188
113,Matrix B,CacheFollower,2.0,0.6796948012432781,0.6807383251052582,0.5534056085134275,4-to-1,0.7500487555993858,0.2153831683669159,-0.3116320417905827
114,Matrix A,CacheFollower,1.0,0.3101633401350973,0.3116338212583124,0.2895520959152616,2-to-1,0.08427606366990038,0.054368684989342116,-0.2900486674558964
115,Matrix A,WebServer,1.0,0.6349799138648079,0.6470617734232322,0.41580277009211297,4-to-1,0.335115777383103,0.23656868828735633,-0.2971047404622695
116,Matrix C,WebServer,1.0,0.6780269746651542,0.7084673846192295,0.3392266715876912,4-to-1,0.14230198643450154,0.03898049529521866,-0.7822052048223929
117,Matrix A,Hadoop,1.0,0.582595013654567,0.5928439894680554,0.3809580447725241,4-to-1,0.24317538873343933,0.09789827407128303,-0.3657775506487961
118,Matrix A,WebServer,1.0,0.7472724190064007,0.7612003411222432,0.4891483679484423,4-to-1,0.6728494616531949,0.4871533897306813,-0.32061522528412384
119,Matrix C,Hadoop,2.0,0.49326275395570457,0.5095000708078621,0.20769883291646432,1-to-1,0.08511249961369245,0.027239294246536372,-0.7584032518128974
120,Matrix B,WebServer,1.0,0.461828272407843,0.4669585605108202,0.3765157991594356,4-to-1,0.14427079125138026,0.08376707434375118,-0.35583308654360846
121,Matrix A,WebServer,2.0,0.49493995903119375,0.5203090637183372,0.4639635879694334,2-to-1,0.22954880356134777,0.08865443161765732,-0.3014588888360836
122,Matrix A,CacheFollower,2.0,0.6731542124437904,0.6756298474713599,0.5945089532157306,1-to-1,0.5483107035683844,0.1449657789298952,-0.07349859564981448
123,Matrix A,CacheFollower,1.0,0.6950740059962296,0.6983231191464002,0.6488413932740015,2-to-1,0.6298582762558229,0.14275442594330526,-0.2084758550604093
124,Matrix C,CacheFollower,1.0,0.3308091745833327,0.33372177510010553,0.13786815445967743,1-to-1,0.012435777072064575,-0.01561529434299464,-0.6503118322307292
125,Matrix A,Hadoop,2.0,0.30602592697297515,0.3225602012688496,0.2865343914488864,2-to-1,0.07478340830443576,0.02629144280125215,-0.346749586142717
126,Matrix C,Hadoop,2.0,0.4185834677713861,0.4323724288610895,0.20871632415694308,4-to-1,0.07287758071883745,0.026634985500329382,-0.7553182142918419
127,Matrix B,Hadoop,2.0,0.49824011701615384,0.5085771419192391,0.4090104036271317,1-to-1,0.13608135256573184,0.03029631663970486,-0.12560355651782007
128,Matrix C,CacheFollower,1.0,0.45664101386204586,0.46065737219647673,0.22668914138117444,4-to-1,0.02601059833306559,0.0570169757316341,-0.722170421699705
129,Matrix C,Hadoop,1.0,0.39190538186072243,0.40558691362557575,0.19578657974718153,4-to-1,0.06927700638434293,0.028185567951862976,-0.759459587000115
130,Matrix B,CacheFollower,1.0,0.6503440744522004,0.6548692291781056,0.5440383871254266,2-to-1,0.27899910914627524,0.05221898535567059,-0.33165745433352556
131,Matrix A,Hadoop,2.0,0.5180003868085181,0.526591655028662,0.3383842990060595,4-to-1,0.18000793910456522,0.07269520861881058,-0.3546053384970545
132,Matrix A,CacheFollower,2.0,0.3419344937812453,0.3431985359275172,0.3188813346690091,2-to-1,0.13586787218861338,0.05842238240013826,-0.2572303426309
133,Matrix B,CacheFollower,1.0,0.3914071175035624,0.3941260287601652,0.3216055758547203,1-to-1,0.08803774489032315,0.013686918344847561,-0.318315816305505
134,Matrix C,Hadoop,2.0,0.4241574152059473,0.43812570268698375,0.2114935645286456,4-to-1,0.0769618699519639,0.025874210203474413,-0.7556021089568851
135,Matrix A,Hadoop,1.0,0.5683213427477707,0.5995964470551479,0.503811898175458,1-to-1,0.21903582176863562,0.08440072300911025,-0.07156590038358442
136,Matrix A,CacheFollower,1.0,0.4954424477588005,0.4978006225345129,0.46252750430215395,2-to-1,0.21309187089272288,0.07707306469635569,-0.24157041443279645
137,Matrix C,WebServer,2.0,0.3516087802067719,0.36663919880382984,0.14811926081665028,1-to-1,0.062170061205582265,0.03618324257579625,-0.6975333080773696
138,Matrix C,WebServer,1.0,0.6056627327176369,0.6327603838509115,0.267282017984506,2-to-1,0.11471837964276067,0.037207348716373295,-0.7636616749578373
139,Matrix A,CacheFollower,2.0,0.36169084657817685,0.36304306459559554,0.3373197868437975,2-to-1,0.15156678001770216,0.05699291776738211,-0.26052280959448343
140,Matrix C,Hadoop,2.0,0.26457544482013917,0.2732844551362082,0.11642149539279618,2-to-1,0.046134386082156496,-0.005882561818581331,-0.6738797446744055
141,Matrix B,CacheFollower,1.0,0.3146075118311099,0.31525704727719445,0.2562884579836418,4-to-1,0.0684271908231887,0.03172888610829873,-0.3032848756044613
142,Matrix A,Hadoop,2.0,0.6382770065410617,0.6727584812135267,0.5652817048162649,1-to-1,0.34257972325253905,0.12102380916226582,-0.01034039534574449
143,Matrix B,CacheFollower,1.0,0.6195808254213897,0.6238857635404568,0.5182985998257874,2-to-1,0.23873115660876465,0.04305382223393024,-0.3315568968425677
144,Matrix A,Hadoop,2.0,0.3881829176457554,0.39461252711750094,0.2535753882347755,4-to-1,0.082661202627333,0.050690110362575216,-0.33647552883949106
145,Matrix C,WebServer,1.0,0.5497249697782385,0.5744100630620372,0.2750376630863086,4-to-1,0.10528683349148464,0.05079725400754225,-0.7500311455052795
146,Matrix B,WebServer,2.0,0.4873949190368663,0.4960593535552937,0.4071454885454842,2-to-1,0.14960215234517052,0.06969308810461858,-0.3995385626165244
147,Matrix A,Hadoop,1.0,0.3726029934923354,0.3931143231167012,0.3492118100544547,2-to-1,0.09734432174051172,0.020845071495964384,-0.34393914776949197
148,Matrix B,CacheFollower,1.0,0.4402139263202343,0.44111824716553605,0.35860741680501407,4-to-1,0.1297002985737465,0.024448093660643443,-0.3300297267209845
149,Matrix B,Hadoop,2.0,0.492439325719155,0.497371957894119,0.4011827825696003,4-to-1,0.18856393674690416,0.036178827039949533,-0.22762332297057317
150,Matrix C,WebServer,2.0,0.7165477704140878,0.7472038145304855,0.3577739139658861,4-to-1,0.17741345101401818,0.07346679421776114,-0.7931709559650374
151,Matrix C,Hadoop,1.0,0.42582408589101306,0.4406933372094711,0.17964989280447616,1-to-1,0.07327966641245706,0.024947047718490212,-0.7601133697184103
152,Matrix B,WebServer,1.0,0.43017195695609256,0.4349436357383501,0.35070167769765287,4-to-1,0.1189324867225128,0.08095048308831243,-0.33213353994203404
153,Matrix A,WebServer,2.0,0.25206033685414797,0.26498500936800023,0.2234375507164583,1-to-1,0.059631196125586164,0.06184323980725578,-0.16786526069930494
154,Matrix B,CacheFollower,2.0,0.6012296386065648,0.6050576598054195,0.493725059146096,1-to-1,0.2940878797547273,0.0610365316194217,-0.27149454793350564
155,Matrix C,Hadoop,1.0,0.3144567544030674,0.32543333855182993,0.13266382640734145,1-to-1,0.04982225887151184,0.02708919007576068,-0.7273093236063257
156,Matrix C,Hadoop,2.0,0.710536714562492,0.733936788977702,0.3126632960422931,2-to-1,0.16198189418947384,0.09217182422475713,-0.7928996217162418
157,Matrix B,CacheFollower,2.0,0.5464247734227365,0.5498849216869754,0.45682164511075923,2-to-1,0.25162387370611505,0.049975126275851975,-0.32017102925069596
158,Matrix B,WebServer,2.0,0.46445782633635463,0.4726581003635687,0.38099519718506386,1-to-1,0.12739961191047394,0.06655343850143051,-0.35003267086494666
159,Matrix A,CacheFollower,1.0,0.35483917027680567,0.3565264194897374,0.33126369789229204,2-to-1,0.10515702194560927,0.05137636030557558,-0.27678642578991813
160,Matrix C,WebServer,1.0,0.46012220978164114,0.48075413271826317,0.20307360898864502,2-to-1,0.0801024325374412,0.058643559338871325,-0.7292532392868227
161,Matrix C,Hadoop,1.0,0.4869788383872355,0.5039891926865204,0.2054526283845894,1-to-1,0.08514908820086411,0.026912973877596003,-0.7604429102634226
162,Matrix B,WebServer,2.0,0.35743736808149074,0.3637530714224227,0.2932101937057288,1-to-1,0.07787689443807758,0.0707576138124545,-0.30880662380491253
163,Matrix A,Hadoop,2.0,0.2607629057674832,0.27485549090962674,0.24415768129982313,2-to-1,0.0587092526237562,0.034893192401327225,-0.33818447807654245
164,Matrix A,CacheFollower,1.0,0.2862987474854347,0.2864041407146816,0.1864971485661687,4-to-1,0.046521977173491914,0.08806439147890177,-0.18931858866901205
165,Matrix C,Hadoop,1.0,0.4976038462949421,0.5149861709071919,0.20993557784617842,1-to-1,0.08772063962036683,0.026955679860426233,-0.7613170156931501
166,Matrix A,Hadoop,2.0,0.4377477482944125,0.46142371803852084,0.38770880372969035,1-to-1,0.12321766455338848,0.038540087132011576,-0.1554463084127549
167,Matrix C,Hadoop,2.0,0.3739547223548296,0.3862690434314813,0.18646113743542864,4-to-1,0.06747328770968722,0.03143594427281259,-0.7543052499598217
168,Matrix B,WebServer,2.0,0.35186803852402815,0.35808954139462273,0.2939054374238471,2-to-1,0.07866133243534083,0.07380833945286477,-0.3469744639834516
169,Matrix B,CacheFollower,1.0,0.49779345206767084,0.5012415547882461,0.4164108418623386,2-to-1,0.13909554305763203,0.017046094347812946,-0.33804565232698786
170,Matrix C,WebServer,1.0,0.45969779337288225,0.48027272129191007,0.1940265828657173,1-to-1,0.08139147980066806,0.06185434514434425,-0.7280713714333821
171,Matrix C,CacheFollower,2.0,0.3899553900952213,0.3926340537512778,0.1622061969519101,1-to-1,0.03222449630949842,0.06684891639429935,-0.7103891331284093
172,Matrix B,WebServer,1.0,0.6690420765770847,0.6813949684296395,0.5492517433263666,1-to-1,0.3001952094412455,0.15047180464541707,-0.3391430194410191
173,Matrix C,CacheFollower,2.0,0.3960337478872348,0.3987388385896892,0.19621910043073512,4-to-1,0.03579449059552447,0.07083109614528099,-0.7084947089507415
174,Matrix C,Hadoop,2.0,0.46849940132410967,0.4839178971064624,0.20615312788917556,2-to-1,0.08679907431541638,0.02844126461987866,-0.7574527977987677
175,Matrix B,WebServer,1.0,0.491735519764727,0.5007680512151914,0.41101029142005086,2-to-1,0.13703365855058883,0.0651307520215099,-0.4021503584651664
176,Matrix C,CacheFollower,1.0,0.6155246951323434,0.6209530516839035,0.3055705229434519,4-to-1,0.06024591138275132,0.040400278558912456,-0.7669729962657627
177,Matrix A,Hadoop,2.0,0.25428706454458816,0.26802122676883283,0.2252033979664633,1-to-1,0.05262824234201902,0.033567716416280126,-0.24333228514905322
178,Matrix A,Hadoop,1.0,0.5249442952927075,0.5341775822216779,0.3432593581023307,4-to-1,0.16849586166421665,0.06622063366379222,-0.3606694527745729
179,Matrix B,WebServer,2.0,0.28461777988293036,0.28962823781060426,0.2334604389238341,1-to-1,0.0557080942825716,0.06305546685889853,-0.26096577142152233
180,Matrix C,WebServer,2.0,0.5959382679039567,0.6214304312828551,0.25105285091758384,1-to-1,0.12283532738455565,0.04292958240974476,-0.7617278603766575
181,Matrix B,WebServer,2.0,0.3510081172036781,0.35473954752396963,0.28603134630693705,4-to-1,0.08558407983141125,0.07572600524683182,-0.2926822337359369
182,Matrix C,WebServer,2.0,0.31519777454448783,0.32870810184796784,0.13279540547317914,1-to-1,0.05357882186036625,0.030931293636316887,-0.6794855381190401
183,Matrix B,WebServer,2.0,0.46696641106108877,0.4750990882916486,0.38994214919405373,2-to-1,0.135966940573199,0.06769338583674246,-0.40002773388873636
184,Matrix A,Hadoop,1.0,0.729101716771376,0.7692059298436461,0.683301979261454,2-to-1,0.7918590191762183,0.17454082772174806,-0.2316238941851985
185,Matrix A,Hadoop,1.0,0.5614998547214793,0.5713611496472587,0.367153298834882,4-to-1,0.2132826566092545,0.0822198906107893,-0.364439156803688
186,Matrix C,Hadoop,2.0,0.37802752671672857,0.3904752145864819,0.15917808652079443,1-to-1,0.06576846110269541,0.029849674215801526,-0.754937310848097
187,Matrix C,CacheFollower,2.0,0.6803397105255539,0.6850106065129138,0.29643317219622145,2-to-1,0.12381872270057664,0.09054556182301088,-0.8041894498765116
188,Matrix A,CacheFollower,2.0,0.5369251655038476,0.5389030171758397,0.5007192495997745,2-to-1,0.37500138325567267,0.12290411891252462,-0.21755853017442772
189,Matrix B,CacheFollower,1.0,0.555442435921554,0.5565845805058687,0.45247586090845276,4-to-1,0.24546111535452694,0.051024306347960444,-0.3193537832061077
190,Matrix B,WebServer,2.0,0.6224102471231658,0.6291569988125584,0.5072978884497701,4-to-1,0.4256972514453387,0.19288645550792785,-0.3924670903022358
191,Matrix C,WebServer,1.0,0.3017955243982935,0.31534016914934904,0.1273950669089622,1-to-1,0.04768044733805344,0.020288072343831422,-0.6672487729788433
