id,matrix,size_dist,lognorm_sigma,max_load_spec,max_load,top10pct_load,oversub,was__ns3__pmn_m,p99__ns3__pmn_m,was__ns3__pmn_mc,p99__ns3__pmn_mc,was__ns3__pmn_path,p99__ns3__pmn_path
0,Matrix C,CacheFollower,2.0,0.6546710160064348,0.6773924231971942,0.2752813848459537,1-to-1,0.7297761211964613,0.03469287939537486,1.268695256538292,-0.028140346000552735,0.7798922045713008,-0.2066841907799759
1,Matrix C,CacheFollower,1.0,0.2851827465663648,0.29278610226284046,0.11898227563315734,1-to-1,0.0707204963258708,0.019386582532514685,0.0445076124955497,0.03043891433451984,0.10719077766226703,-0.02089711978725569
2,Matrix C,CacheFollower,2.0,0.5150773623899252,0.5329816174757603,0.2573626893776229,4-to-1,0.35513362572168894,0.0668141592096025,0.34452107448066255,0.06612439131292104,0.23447215470925112,-0.0710380668775443
3,Matrix A,WebServer,1.0,0.7324178498227348,0.8067436732682823,0.6442027132047415,1-to-1,0.87952832610814,0.17935627920398672,0.3991093889593586,0.10087958069098162,0.3430455502018784,-0.191612769794891
4,Matrix A,Hadoop,2.0,0.3455859171762805,0.3839767624820289,0.30469494152867166,1-to-1,0.09905077535895825,-0.03180987677794345,0.175586951342493,-0.23901907954230325,0.04963078012460636,-0.05552498308098626
5,Matrix B,Hadoop,2.0,0.6104936716327665,0.6462207357353468,0.4966220760597571,4-to-1,0.6979240123586854,0.3184532400599125,0.5385325771069858,0.36320351573871973,0.17765640159643534,-0.1430700106711745
6,Matrix B,WebServer,1.0,0.6901726291402162,0.7323285479651884,0.5602068861291305,4-to-1,1.0549167837292728,0.32819712827761094,1.1405866418059794,0.5065555827696535,0.176048751969477,-0.1793639583372723
7,Matrix B,Hadoop,2.0,0.7126208270275072,0.7213608730646095,0.5824051676879306,1-to-1,0.7017344958415406,0.0779317127557653,1.0675835574705352,0.20776763596794362,0.39402911970940213,-0.05163990995314874
8,Matrix A,Hadoop,2.0,0.25751251172962664,0.26742391695434553,0.16738104180832847,4-to-1,0.06795632499894942,0.46536062560407737,0.07986881889773267,0.23113255861566298,0.018261643349951978,-0.1846034875614709
9,Matrix A,CacheFollower,2.0,0.5568846038892901,0.5633597330632616,0.36147304678956,4-to-1,0.1510433308331372,0.04690446541392205,0.10224440293205547,-0.027602088188911977,0.06284808757031614,0.01215711202541781
10,Matrix C,CacheFollower,1.0,0.2919822652843035,0.29977157599268833,0.12735059428622889,2-to-1,0.05984442476688054,0.021301881839209804,0.426103732073274,0.16112908989467187,0.11253268769264327,-0.008170355584998618
11,Matrix C,CacheFollower,1.0,0.36787237542304263,0.3776831893529236,0.1604494303882678,2-to-1,0.1010607638764448,-0.002535709405883798,0.6556544895644211,0.30861039174397964,0.13440660287008627,-0.0340134546190559
12,Matrix C,WebServer,2.0,0.7383383855483423,0.8263943503041119,0.33430138038407115,2-to-1,1.1857620348502542,0.13346892909533103,1.1315607410388533,0.18463500371252664,0.9137349815834083,-0.18243053250350733
13,Matrix B,Hadoop,2.0,0.5860334719877185,0.6203740441826289,0.47675883596281404,4-to-1,0.566894914654254,0.22583395478754875,0.6716216610903529,0.21840546849239356,0.15614321948772378,-0.18368336904731608
14,Matrix C,CacheFollower,2.0,0.2671581429794989,0.27643935485394266,0.11234050724644967,1-to-1,0.05091172054598797,0.02607690452060633,0.10506053710876227,0.05143549565836033,0.06620328894046669,0.0014347290019282373
15,Matrix A,WebServer,2.0,0.6213051726408152,0.6830533818517521,0.5750742934307603,2-to-1,0.5065236058016545,0.11790419770302132,0.25344625190455655,-0.10405535159577416,0.0992438207987145,-0.11823864596244493
16,Matrix A,WebServer,1.0,0.409306522776384,0.45092879853496254,0.3796411093489557,2-to-1,0.19731112829564673,0.11774540959507421,0.15919498033789745,-0.24607948971321025,0.0488366334917296,-0.07329754819424321
17,Matrix B,WebServer,2.0,0.2590273444600284,0.2608385350377827,0.2153268517689615,2-to-1,0.05551090366357063,-0.08010453810195808,0.07392437025761343,-0.08198012186910943,0.03519686601366234,-0.022791405856261614
18,Matrix A,WebServer,2.0,0.27197601043687214,0.2991130258884246,0.23885020348665115,1-to-1,0.07924132341062724,0.05855766369560803,0.060357104293908045,-0.015853365866392088,0.028406639097818053,0.023491130416063495
19,Matrix C,Hadoop,1.0,0.46548395995167463,0.5118787953629841,0.1993781889841746,1-to-1,0.4530311761668786,0.045452079340301266,0.4205057700217333,0.02519306684619267,0.17729833557317629,-0.038662527114532566
20,Matrix A,CacheFollower,2.0,0.42465960069254305,0.4295967530076209,0.27564562760096917,4-to-1,0.09745068331153921,0.0699402384028637,0.08363893052682739,-0.06487340513924639,0.05571786216139517,-0.0003469753267262001
21,Matrix C,CacheFollower,1.0,0.2616492152306864,0.26862171719129063,0.11411734154146067,2-to-1,0.0562177103300225,0.010506218666700044,0.33276852281197994,0.09949825695532849,0.08222284422696213,-0.03683454546721599
22,Matrix C,WebServer,2.0,0.30340988002115266,0.33961660823501677,0.13738513682277012,2-to-1,0.2957960699891339,0.07542114329466494,0.2595454057492127,0.05972032226528089,0.11532229941415612,-0.011834109160359386
23,Matrix C,Hadoop,2.0,0.2719164250616908,0.301372539608719,0.13710603572800742,4-to-1,0.24969224132602746,0.004570433357429538,0.6879315989788313,-0.5403323199897557,0.11903299711905102,-0.017046063426384567
24,Matrix B,WebServer,2.0,0.349409375763963,0.3518223902146095,0.29043564294814567,2-to-1,0.08822764402983328,-0.06072274716494512,0.11637889325065723,-0.049057602101508,0.05991561732538077,-0.03643238608864878
25,Matrix A,Hadoop,1.0,0.6068434737969903,0.6752878495359029,0.5645628370220089,2-to-1,0.36447050316614593,0.16209596414189567,0.4109109304426236,-0.1743098779396605,0.10214258697253202,-0.08883943635806515
26,Matrix A,CacheFollower,1.0,0.30974796746406696,0.3127290061309023,0.27147286702955326,1-to-1,0.080681639454219,-0.011915346478988615,0.059930339545063036,-0.023199659882692885,0.08388453202853166,-0.029944064773121077
27,Matrix B,Hadoop,1.0,0.32663654142670284,0.3442901554133982,0.264588063413133,4-to-1,0.10288176020338068,0.05923802788521328,0.23091039751037779,0.08951649461939991,0.026737502460513245,0.017895218194401877
28,Matrix A,Hadoop,2.0,0.3895119590853292,0.4045011011910043,0.2531778627045593,4-to-1,0.103363844969117,0.012742443499397406,0.18569112647737407,0.012053270423962485,0.028955168072410643,-0.05846379005804516
29,Matrix B,WebServer,1.0,0.518351058647661,0.519584855901024,0.42893261968443375,2-to-1,0.2483795282350921,-0.10043230809860205,0.27130950287168965,-0.08122612777143187,0.12637609981592562,-0.2544617152746866
30,Matrix C,WebServer,2.0,0.2625526151749801,0.29388157786621394,0.13297153989218682,4-to-1,0.23337255018342296,0.06951100984018457,0.20181046350070775,0.036640855516159004,0.09361891379294612,-0.004068881848859464
31,Matrix C,WebServer,2.0,0.47527916957783684,0.532026984198413,0.20671933755105248,1-to-1,0.46122215418371004,0.036249369338607666,0.5040444719832491,0.014263652986151999,0.12290537214137953,-0.044505338021004266
32,Matrix B,Hadoop,2.0,0.5584738779382943,0.5653472668595717,0.46309396131772596,2-to-1,0.248246183507691,0.07554675887010284,0.525565794291236,0.2620747186970975,0.16591392923650564,-0.12341155406659092
33,Matrix B,Hadoop,1.0,0.2777842232339133,0.28001147103539437,0.22936945948023757,2-to-1,0.07983282250332624,-0.04397861153073837,0.12706769805966975,-0.056318832750660755,0.01884880744666943,-0.04032439124125005
34,Matrix C,Hadoop,1.0,0.3857303263943396,0.42418073491677694,0.16521955488741402,1-to-1,0.27482318964172125,0.013562048983722885,0.3115623544378652,0.016429466714185634,0.15596432148947367,-0.028084824481683347
35,Matrix A,WebServer,2.0,0.2630220239195611,0.2892521878835622,0.24352635061601693,2-to-1,0.08099795428035038,0.06438825872686102,0.03909206427234037,-0.0822197428556576,0.02767011437283622,0.01732881696373335
36,Matrix A,WebServer,1.0,0.4189518845598552,0.4348961160167692,0.2719833022839419,4-to-1,0.12092280610339934,0.2958171693765997,0.053089796171126934,0.04250222656600667,0.0259580634200799,0.05092505262662076
37,Matrix C,Hadoop,1.0,0.6046028883056305,0.6648835154376788,0.25897394536937146,1-to-1,0.5326843005049894,0.1090096720852614,0.629990608630487,0.07050139582078137,0.34025375572899347,-0.11080747065318271
38,Matrix C,Hadoop,2.0,0.6834829684595175,0.7575234311404226,0.30736134496203404,2-to-1,0.850098718018168,0.17793236567835377,0.766749071731702,0.15736085459297725,0.6581215057906475,-0.14931535387978662
39,Matrix A,CacheFollower,2.0,0.2696321481117253,0.27180358604857663,0.2491413370344422,2-to-1,0.12813741986754346,0.030073232843863977,0.053494606934124056,-0.12251654414518125,0.06722779512916319,0.02743721114462947
40,Matrix C,Hadoop,2.0,0.5152928979574745,0.5710987833446594,0.23172047610857774,2-to-1,0.5066838463162007,0.07389374100977612,0.5756706387032691,0.09203764562254246,0.2074195510543671,-0.04292945541342543
41,Matrix A,WebServer,2.0,0.3266624065232707,0.33847337457733995,0.21167867795996198,4-to-1,0.11313835405841122,0.46355882814363897,0.05206023939854408,-0.2704779308754865,0.017105388032001467,0.0746649547646669
42,Matrix C,CacheFollower,1.0,0.5569544659977093,0.5718046646524452,0.24291717326437862,2-to-1,0.30906243588926396,0.09008816160628359,1.7399303344030113,0.5735203516074702,0.35784575304105526,-0.07307734230620806
43,Matrix C,WebServer,2.0,0.4920141804432579,0.550831253998575,0.21402574564002447,1-to-1,0.47806806879363506,0.046118517471413004,0.5269293570962594,0.03018698918316864,0.13531105773569213,-0.03959291318860503
44,Matrix B,CacheFollower,2.0,0.2935749864576772,0.2971656724257859,0.23961861643607346,4-to-1,0.1906493981713678,-0.1664110467635133,0.1577268539978333,0.1500729072925955,0.042295206958365285,-0.001276699218127859
45,Matrix B,Hadoop,2.0,0.31627027149863873,0.33479184049334504,0.25728827577072627,4-to-1,0.06628236616202372,0.12806540934801008,0.16129681072348517,0.09316375338339714,0.03355241429321256,-0.04229811212349804
46,Matrix A,Hadoop,1.0,0.47397038559206334,0.5274056523178261,0.4185176290303591,1-to-1,0.15709600782273003,0.022788069898047752,0.29179320807129566,-0.16842318821187938,0.07078091227024759,-0.04173705214450566
47,Matrix A,WebServer,2.0,0.6494533494271933,0.6729868406529171,0.42088085930964775,4-to-1,0.20753805200747155,0.24438953435955493,0.1300825658164761,-0.034399710767194905,0.04509766069447759,-0.035955940095753355
48,Matrix B,CacheFollower,2.0,0.5399094882804178,0.5408087976769338,0.4427673727980769,1-to-1,0.2526351715671139,-0.05907107175524671,0.36970680289625624,-0.1472944095251694,0.2233474275506942,-0.03966872842985144
49,Matrix A,WebServer,2.0,0.2777694326655076,0.3054348910017457,0.2571508445877292,2-to-1,0.09794763391175851,0.13927639877270104,0.04191260592093879,-0.02674380846069596,0.01961574412452756,0.013580800818705786
50,Matrix A,Hadoop,1.0,0.6220991136292884,0.6923034695320553,0.5493706889736565,1-to-1,0.4640972725518048,0.07472757340771329,0.36329955512354556,-0.11118766053302913,0.17100738248099429,-0.07937924739627206
51,Matrix A,CacheFollower,1.0,0.4556169864961452,0.46164408587877637,0.29621112248578785,4-to-1,0.10379577390933978,0.05385619150663212,0.06931215053566149,0.003318415458566395,0.05376600249008398,0.028588398873515324
52,Matrix C,CacheFollower,1.0,0.6112845687720734,0.6275988282643294,0.2550433104573287,1-to-1,0.4312976983074239,0.05884330712344345,1.2828343174370835,-0.03978525607548308,0.5355163228911686,-0.1239654235190974
53,Matrix C,CacheFollower,2.0,0.7390207853323516,0.7646978926837265,0.3107609233276156,1-to-1,1.2899336663724927,0.14978743211035508,1.7568145228395362,0.1373821922539733,1.834435607082598,-0.2365870373763718
54,Matrix C,CacheFollower,1.0,0.3997012306279446,0.4103583171062318,0.16676121584281794,1-to-1,0.08540110580578314,0.04997488997452557,0.10716521791338324,0.03090514789884222,0.1560898024863253,-0.015484347509196828
55,Matrix A,WebServer,2.0,0.5696093428489593,0.5901375955683973,0.36906757060649337,4-to-1,0.14502573175946,0.26050881389074837,0.10621825161049217,0.08646773091474504,0.02715438875121554,0.052762897646469346
56,Matrix A,CacheFollower,2.0,0.5593355068507759,0.5638590579675894,0.48947584433828023,1-to-1,0.4770570171460583,0.14276606681772752,0.20344485765443487,0.03368888548226037,0.2305606303259864,-0.11030182845750942
57,Matrix B,Hadoop,2.0,0.6056914918947001,0.6131602638930506,0.5022591108099878,2-to-1,0.30284919242876857,0.1664964103362471,0.7352443447571695,0.27610499795859406,0.26402836139337194,-0.057036745615839546
58,Matrix A,WebServer,1.0,0.46186434056093467,0.5087321994247549,0.40623394233630045,1-to-1,0.27808297882667476,0.24995553757989272,0.18076013049815623,0.15088221991467218,0.06284326490932443,0.04384906174083816
59,Matrix A,WebServer,1.0,0.36963396623102673,0.4071540632912482,0.3427867564344734,2-to-1,0.1535159947701669,0.12736496972160968,0.17544807948068358,-0.3503431606436863,0.03770466328740996,-0.05464034742251607
60,Matrix B,Hadoop,1.0,0.5831753530088837,0.6146782115705258,0.4723821320010844,4-to-1,0.48858630129460295,0.28657218736434065,0.5383282319686373,0.1567316512316139,0.1303302902669561,0.010493454827240466
61,Matrix A,Hadoop,2.0,0.5655960123381027,0.6284581020954544,0.5254020599350877,2-to-1,0.3373099596642332,0.0368496104888059,0.26311750130829265,-0.17097171624063334,0.0826261460213879,-0.07534021418903669
62,Matrix B,Hadoop,2.0,0.3755568458443934,0.3975397662168788,0.305510196583917,4-to-1,0.1308746842153592,0.07696957315735913,0.16547785075920687,0.057077859806975675,0.03745703274804756,-0.0313775335396603
63,Matrix B,WebServer,2.0,0.7311332739938902,0.7360256820330301,0.6076022957123862,2-to-1,0.6287693486204811,-0.039953287486319156,0.49521281594505806,-0.006887599769966747,0.5030252851030106,-0.23349073367891368
64,Matrix A,WebServer,1.0,0.4843775243854434,0.5337457532029726,0.4493654668348504,2-to-1,0.295634725176024,0.19298321256070605,0.21483217107146724,-0.26773452503298856,0.06034808981520146,-0.011222320876427576
65,Matrix B,Hadoop,2.0,0.3469791436046634,0.35126021019141396,0.28359697519849814,1-to-1,0.11887707428981913,0.13182930056322265,0.10207634176323642,0.05770663371350871,0.05768666930301176,-0.028794889454660105
66,Matrix B,WebServer,2.0,0.35548132138250854,0.35794646374399947,0.2910209626508448,1-to-1,0.16104493394652866,-0.046633156357378754,0.06513603386728556,-0.01637011827838834,0.05837114568414973,-0.06148346951301805
67,Matrix C,Hadoop,2.0,0.39717170709244765,0.4401972045607637,0.17860781497336956,2-to-1,0.37860873879070067,-0.011373337009962585,0.40011220490870836,-0.0007574814122319456,0.14799229696207147,-0.036391321950374214
68,Matrix B,WebServer,2.0,0.2557384943449943,0.2575055316501516,0.2125753980621026,2-to-1,0.05915335233569248,-0.12160711965362288,0.07547957154160076,-0.14129140183822014,0.020459098132211646,-0.024623203841232108
69,Matrix C,Hadoop,2.0,0.3390592231106748,0.3757840434117162,0.14637090305703196,1-to-1,0.31118177977056816,0.017593221514752073,0.3181245443603473,0.01849210157098627,0.1265396369385107,-0.0176181358390906
70,Matrix A,Hadoop,2.0,0.5069716246400675,0.5264984102448356,0.32953616643910855,4-to-1,0.11936152066021763,0.07236513931941652,0.1349620254054176,-0.4341051863453069,0.030806930680508063,0.03847318243226335
71,Matrix A,Hadoop,2.0,0.705462539767861,0.7837929783326926,0.6552647571962426,2-to-1,0.569918946910913,0.10156984052305944,0.48485132012493837,-0.051631775400671695,0.37067973529386233,-0.17170855626945167
72,Matrix B,Hadoop,2.0,0.5003988892645248,0.5297063526885122,0.4070805128610899,4-to-1,0.20894564519250367,0.018906965484819228,0.13680311860522285,-0.03694529837162023,0.13688728567464475,-0.21133309784502424
73,Matrix B,CacheFollower,1.0,0.7496522051820941,0.7476713571588025,0.6121324002864661,1-to-1,0.5578908853491502,-0.06521129584357784,0.8691484937015714,0.0033874954862398526,0.7193773732263365,-0.06683486783231087
74,Matrix B,WebServer,1.0,0.5909489223635469,0.592627596612443,0.4892315551891312,2-to-1,0.49578345101767385,0.0748001036886499,0.49360564121227685,-0.025676504477131608,0.160275569092242,-0.024411152471409143
75,Matrix A,WebServer,1.0,0.34691401838273683,0.38207580390765306,0.3216731385049819,2-to-1,0.1269525136619762,0.1287100137749052,0.14905595846360356,-0.26604289620357013,0.03687602160603181,0.028552579670523
76,Matrix A,WebServer,1.0,0.5090416360434802,0.5283323358639657,0.3304181573849349,4-to-1,0.13129380718335584,0.2761066561860271,0.06576250863542717,-0.05206559779014596,0.03074630006482977,0.07151889379405123
77,Matrix B,CacheFollower,1.0,0.47194363451311944,0.4707208399442329,0.38538787779476946,1-to-1,0.13496043027256338,-0.18152748050850454,0.17270439963616008,-0.046373021194942035,0.18006752907549597,-0.15767797390885857
78,Matrix A,Hadoop,2.0,0.5159723315456286,0.5358173056351139,0.33536887745902827,4-to-1,0.1408721220782181,0.11230987624465463,0.10752190433821522,-0.28351045338146147,0.03071683867451845,0.02775703316300169
79,Matrix C,CacheFollower,1.0,0.5450266051642836,0.5595463864623555,0.27018939402367215,4-to-1,0.2362278583726093,0.0601622959716217,1.1318892917702286,-0.13334051825573343,0.35305717673515385,-0.05284201930898102
80,Matrix A,Hadoop,2.0,0.7350793657763435,0.8167962455670325,0.6481477750872138,1-to-1,0.7353286439447022,0.1399406302539709,0.5337299500664934,-0.09525865510640948,0.4350968377614555,-0.1687602837711232
81,Matrix C,CacheFollower,2.0,0.6029843876836714,0.6239129204276983,0.2650556459063733,2-to-1,0.6149082380859581,0.07391041247935955,2.419075994374994,0.5130020313137684,0.43705837550433524,-0.11352959676272545
82,Matrix A,Hadoop,1.0,0.37647944685565304,0.4189550844971574,0.33245773506301896,1-to-1,0.09573703950382932,-0.0024670356206737474,0.17939662226638498,-0.2531642694264494,0.06147490033677336,0.0430673247058387
83,Matrix C,CacheFollower,2.0,0.5614672863273176,0.5809763160458948,0.2468149763372368,2-to-1,0.471450016012595,0.08671787905975545,2.115087116058588,0.6406788240219722,0.3290632321808611,-0.10334348214644257
84,Matrix A,WebServer,2.0,0.6463781020757684,0.6700008701528225,0.41901345560318276,4-to-1,0.20806155520751093,0.27304519630362706,0.12892542599107343,0.0017430504008160079,0.04273882812136309,-0.07832920034102861
85,Matrix A,CacheFollower,1.0,0.6330249900710475,0.6391299436556912,0.5548140235866439,1-to-1,0.4780840153034627,0.11735909958975699,0.20058493240979153,-0.012097861892690468,0.3364709818511535,-0.08749419158982025
86,Matrix C,WebServer,2.0,0.308329956610627,0.345162879609107,0.15617460587594548,4-to-1,0.2703725882165406,0.040012234764587165,0.2199980707145623,0.032539335252547,0.11841061168350112,-0.01195347362777068
87,Matrix C,CacheFollower,2.0,0.5750752053631623,0.5950623471519887,0.2527991160442064,2-to-1,0.5542624010776417,0.0849364429154168,2.282937842388172,0.6296512092499765,0.3461652941921922,-0.09651297766206073
88,Matrix C,WebServer,2.0,0.4886233680157534,0.5469260132911333,0.2212480289629138,2-to-1,0.4781255444764123,0.08647933216705435,0.5117877806135549,0.04940662026832726,0.12928669232534973,-0.03721239744850664
89,Matrix B,Hadoop,1.0,0.5817947562675669,0.5864292595372808,0.47347215960741645,1-to-1,0.467357531967282,-0.02943021236506687,0.3450036112795517,-0.021898648707753095,0.22621163390368898,-0.22208086907017147
90,Matrix A,Hadoop,2.0,0.5611895251834542,0.6235555308300604,0.49480654711800054,1-to-1,0.38197757895043083,0.036968645561026706,0.29611197857827287,-0.15064079225926927,0.08345606628476349,-0.10617958891407
91,Matrix C,WebServer,2.0,0.36708612320760126,0.4108863465933193,0.16621589045585727,2-to-1,0.39364488476281295,0.05285167873211418,0.39090969535133524,0.029061379375309226,0.14466050419683932,-0.018720781751305312
92,Matrix A,Hadoop,2.0,0.36583227014692055,0.4064646043244732,0.33981157979255794,2-to-1,0.09225559922990466,0.06399521056975464,0.12225989751916107,-0.035378807925209525,0.06113633746197779,-0.01582857346410506
93,Matrix B,CacheFollower,2.0,0.36343669711607274,0.3678814557730861,0.29664006858285824,4-to-1,0.2565041885167848,0.012111888242445355,0.20086237709619426,-0.10117207550920561,0.08321466750071689,0.06408143637580731
94,Matrix B,CacheFollower,2.0,0.7217600124331737,0.7229673648464457,0.6018948235892166,2-to-1,0.8723518527374697,0.036240683507036874,1.2636778418991974,0.06004958347380785,0.5957976684313402,-0.1981545704543567
95,Matrix C,CacheFollower,2.0,0.29252399644765925,0.3026853171329477,0.12858918225018157,2-to-1,0.14961521698030583,-0.004217013187754052,0.656431592686184,0.23901677465558985,0.06811824457815135,-0.008096597436126441
96,Matrix A,CacheFollower,1.0,0.3928900746943492,0.39667814012155167,0.34434718201105224,1-to-1,0.07736781684998169,0.05562627719752109,0.10732687436700003,0.09214741518536342,0.08002021292721506,0.012906600814735276
97,Matrix B,CacheFollower,2.0,0.7116169967606567,0.7128031602431224,0.5934327789033614,2-to-1,0.9126445702898307,-0.10391067979159617,0.9275090343128458,-0.2263101432178322,0.5462298420740148,-0.224110312417369
98,Matrix A,Hadoop,1.0,0.2909727515998869,0.3237991150924538,0.2569476403902605,1-to-1,0.05188567348891931,-0.016694859748147682,0.10528508444901591,-0.20014556265410413,0.026503686672571934,-0.010096357396279789
99,Matrix A,WebServer,2.0,0.3360553892659176,0.36961604987250174,0.29514886039060734,1-to-1,0.11843702371740542,0.14627702946783552,0.09803899581324942,-0.054358349024885864,0.03876729325347639,0.05029720442962878
100,Matrix B,CacheFollower,2.0,0.373830321652044,0.3744479951992724,0.31174064134769985,2-to-1,0.13970446501263456,-0.19249533191821042,0.1825336435042799,-0.1768817412069129,0.12360840946141902,-0.2466987070411083
101,Matrix C,CacheFollower,1.0,0.41476002394153044,0.42581911343212936,0.18089879593590538,2-to-1,0.10211038157129032,0.012588288145713203,0.9001977534095882,0.48402033394124816,0.17614392622338554,-0.013980316058269937
102,Matrix A,CacheFollower,1.0,0.4932731422127044,0.4997950266812469,0.3206904418446646,4-to-1,0.09681398743494526,0.06269201528539432,0.04609430440849956,-0.028319924479056683,0.06296984735119597,0.02883903955234609
103,Matrix C,WebServer,1.0,0.3493656036161469,0.3880463841764676,0.17557749011430082,4-to-1,0.3151993702747178,0.04344930970390228,0.2594149069658632,0.06012727074702329,0.11888838930582289,-0.002537037969660651
104,Matrix A,CacheFollower,1.0,0.7313691177103281,0.7383737756451969,0.6409653144720968,1-to-1,0.7883744507300723,0.2268395523715177,0.5131451227798374,0.06084799857399533,0.5130841698876999,-0.07211752796994964
105,Matrix C,CacheFollower,2.0,0.5642609863149368,0.5838616023793577,0.2819312848543142,4-to-1,0.5030947921402766,0.08881541583368978,1.1020445531560727,-0.020508592376814114,0.3054745045580634,-0.06099069250258107
106,Matrix A,CacheFollower,1.0,0.6016512914975161,0.6074184066441012,0.5567699327778194,2-to-1,0.49355392106381435,0.08027929132162397,0.307683992112113,-0.010679862911039078,0.3182778433603391,-0.16997197700167388
107,Matrix B,WebServer,2.0,0.34208557771505443,0.36452098363911245,0.27884634769687794,4-to-1,0.11844704481635666,0.0531394288758704,0.11636722486954972,0.061716068494497185,0.035486278584434254,-0.04807392216763595
108,Matrix B,CacheFollower,1.0,0.6422320509290859,0.6405839710174316,0.5244579720025538,1-to-1,0.41827476485797865,-0.2832303057925959,0.8609797722182881,-0.2123621291195836,0.3387522362218468,-0.260157261817472
109,Matrix A,WebServer,2.0,0.4584110642684848,0.504113903847977,0.42442209446910945,2-to-1,0.25796209598208575,0.18236178725569352,0.17782399135305932,-0.15449260721752367,0.054552869636588286,-0.024021779753301883
110,Matrix C,CacheFollower,1.0,0.6698157913107089,0.6876637541694717,0.2921370629490726,2-to-1,0.49388807463133183,0.07531070167538247,2.4573293095801767,0.3731619974485263,0.8862297405901702,-0.19668859853325
111,Matrix B,WebServer,1.0,0.4433183807243915,0.47041546569185533,0.3598521234422025,4-to-1,0.24193639003199596,0.25193847992881135,0.16827151536833537,-0.07657357670894631,0.059377236114443996,0.156871548661545
112,Matrix C,Hadoop,1.0,0.737859350819907,0.8113842048482215,0.3691288849619798,4-to-1,0.8502518368831915,0.15117723758420662,3.4887919807582333,0.06029066353121033,1.0368434003753437,-0.2052790145899459
113,Matrix B,CacheFollower,2.0,0.6796948012432781,0.6880190630941255,0.5547820332838773,4-to-1,1.192027456728347,0.11861284356655576,1.366368098917064,0.13929096999628315,0.3242253006091925,-0.08559028682612611
114,Matrix A,CacheFollower,1.0,0.3101633401350973,0.31314089355258545,0.2870302123672238,2-to-1,0.11214412842402306,-0.06851331575593664,0.11738813667182853,-0.05824096732121625,0.08641959366552389,-0.07588243784400547
115,Matrix A,WebServer,1.0,0.6349799138648079,0.658976639147106,0.4121228860072721,4-to-1,0.1914544096566702,0.1754363840495379,0.15246574034778426,0.06275428962435343,0.040824113706175405,-0.0672905523108151
116,Matrix C,WebServer,1.0,0.6780269746651542,0.7529969700072418,0.3407049350480166,4-to-1,0.7450667787960847,0.0927467554751155,0.8108970755279347,0.10579390268159829,0.427443163543987,-0.1121618397982257
117,Matrix A,Hadoop,1.0,0.582595013654567,0.6059510937361255,0.3792692704485772,4-to-1,0.13369645652197984,0.008519349781769369,0.12707738269772084,-0.21837267701588498,0.0519185995545637,-0.05475599120158566
118,Matrix A,WebServer,1.0,0.7472724190064007,0.7755646197267448,0.48503681370428164,4-to-1,0.25455105048097004,0.21757631100662977,0.16119765018761995,0.10907668016343275,0.04942029473443206,-0.023896794674147858
119,Matrix C,Hadoop,2.0,0.49326275395570457,0.5467108125123443,0.2129482524267293,1-to-1,0.38905244713315257,0.049987170808220356,0.4147712311842302,0.021339179214344573,0.20116138374821657,-0.0520967904520727
120,Matrix B,WebServer,1.0,0.461828272407843,0.49010368181989344,0.37491295156444643,4-to-1,0.2969741230339609,0.11322529016134383,0.25192162839133814,0.23656077856196978,0.07327607265434029,-0.027207256194041858
121,Matrix A,WebServer,2.0,0.49493995903119375,0.5443239885201893,0.45827565057398517,2-to-1,0.31410996370984606,0.2071819780925557,0.2131441208515923,-0.1795260441453882,0.05894198754659341,-0.0028641361251592616
122,Matrix A,CacheFollower,2.0,0.6731542124437904,0.6785480113540554,0.5890352491126738,1-to-1,0.8253036389348971,0.09450866282436628,0.5024736857558887,0.0008630184038863635,0.424043338438815,-0.12970670161228434
123,Matrix A,CacheFollower,1.0,0.6950740059962296,0.7017819425785855,0.6432651376593136,2-to-1,0.8883482580475809,0.19231040281201706,0.518996546987015,0.0035625950419962632,0.4676194988386871,-0.1636589751198069
124,Matrix C,CacheFollower,1.0,0.3308091745833327,0.3396297729695243,0.13801858403674294,1-to-1,0.07970550411637956,0.049224895444068446,0.06791715730593205,0.06632615134732191,0.1236513208894797,-0.006220617409096127
125,Matrix A,Hadoop,2.0,0.30602592697297515,0.34001726856440556,0.28426043496894565,2-to-1,0.06574004693768903,-0.04566585717003829,0.058625587021047615,-0.06853077513236426,0.03185946593373528,-0.0372054396583432
126,Matrix C,Hadoop,2.0,0.4185834677713861,0.46392028270529984,0.21105529699943787,4-to-1,0.3646666086854477,0.022437689385868917,1.295579483723744,-0.3427851254225284,0.14679683816570527,-0.019334515039308987
127,Matrix B,Hadoop,2.0,0.49824011701615384,0.5043642717291504,0.40720860974650835,1-to-1,0.26358163725731903,-0.08066361381383275,0.1615221629411239,-0.19398774688467232,0.13593392271790897,-0.2678171549982397
128,Matrix C,CacheFollower,1.0,0.45664101386204586,0.46881514319697387,0.22637779907009015,4-to-1,0.13923171973549217,0.04898274788615786,0.13917468419966827,0.0598132017008267,0.22039036502000642,-0.01634752953256076
129,Matrix C,Hadoop,1.0,0.39190538186072243,0.43097955361081924,0.19606864556122486,4-to-1,0.34794099530797784,0.03371679614568167,1.1399263992346855,-0.39279235931092954,0.17319800036147126,-0.027088056816377923
130,Matrix B,CacheFollower,1.0,0.6503440744522004,0.648627112044987,0.5400072091056511,2-to-1,0.4448920386246802,-0.15295187307952868,0.5900372275186981,-0.12154924235332207,0.3487998968293412,-0.19512453030285656
131,Matrix A,Hadoop,2.0,0.5180003868085181,0.5379203536135955,0.3366851784713068,4-to-1,0.13840520961635805,0.07029869179765921,0.11176827778662472,-0.30774063671020485,0.029615703378464114,0.016768250687483395
132,Matrix A,CacheFollower,2.0,0.3419344937812453,0.34469306041815534,0.315953483843099,2-to-1,0.23151559918229783,0.18145393500521453,0.08171837953704403,0.006560922979512588,0.06568448364689171,0.0031102560014888174
133,Matrix B,CacheFollower,1.0,0.3914071175035624,0.3903922058252217,0.3196213359187166,1-to-1,0.1054422332753484,-0.0018745352961360396,0.15881170355651414,-0.02089567188948721,0.08397428165358735,-0.07848922684076867
134,Matrix C,Hadoop,2.0,0.4241574152059473,0.4701107786236352,0.21387159324505292,4-to-1,0.42026203835763287,0.01563928979422266,1.332099828231997,-0.3500405049025981,0.14943511307570065,-0.04793312067388054
135,Matrix A,Hadoop,1.0,0.5683213427477707,0.6324270194398813,0.501856313955875,1-to-1,0.34912990629922974,-0.003158180707829656,0.3635044367248742,-0.22800545934046923,0.07253275964378816,-0.09527106725225819
136,Matrix A,CacheFollower,1.0,0.4954424477588005,0.5002071188202657,0.45849826223748646,2-to-1,0.3077595181224245,0.30161709708667667,0.12786518912312514,0.054634509294660925,0.12909908485042987,-0.01573333393703523
137,Matrix C,WebServer,2.0,0.3516087802067719,0.3935914015604473,0.15293012613226326,1-to-1,0.33476262689154723,0.05243550470663834,0.36831277859894546,0.05440243858570826,0.14406214860447406,-0.021436879571496162
138,Matrix C,WebServer,1.0,0.6056627327176369,0.6726023628513403,0.27208515837155267,2-to-1,0.6515064656929725,0.10456033722976033,0.7089659630354103,0.12712356047348905,0.20593701883092513,-0.05274368230668344
139,Matrix A,CacheFollower,2.0,0.36169084657817685,0.36458723897931616,0.33418893953049733,2-to-1,0.26730551113272794,0.21049757324790805,0.12000389321757905,0.09735235533111607,0.05313099866054828,0.012161783512996205
140,Matrix C,Hadoop,2.0,0.26457544482013917,0.29323411567084123,0.11897827640670001,2-to-1,0.2392184826435202,0.01167198223525899,0.2553811686191554,0.012855418327591886,0.11562646407572222,-0.019703801360370955
141,Matrix B,CacheFollower,1.0,0.3146075118311099,0.3170972897826671,0.25569041083067107,4-to-1,0.15835596373657834,-0.1705445102571821,0.12685822697196272,-0.21249334722898966,0.043096647842345064,-0.10037660747714895
142,Matrix A,Hadoop,2.0,0.6382770065410617,0.7092145139875539,0.5627790428168712,1-to-1,0.5314523573633145,0.09439608494349942,0.34975076569159286,-0.07651200702518517,0.15772898527409038,-0.061845036927993285
143,Matrix B,CacheFollower,1.0,0.6195808254213897,0.6179520497259942,0.5144690306980362,2-to-1,0.4045497287806489,-0.2349646738900141,0.4267411663021191,-0.2562133541840698,0.26732926083374364,-0.27739357111543184
144,Matrix A,Hadoop,2.0,0.3881829176457554,0.40311662599165815,0.2523113175593089,4-to-1,0.10984168342108507,0.10469560971088175,0.1831082061020054,0.07709481459861085,0.02405779886974244,-0.016588737173103784
145,Matrix C,WebServer,1.0,0.5497249697782385,0.6106273965660632,0.27628765554617185,4-to-1,0.5770831536946941,0.0801934615055186,0.5743124178552357,0.07408603632320548,0.15432210744792932,-0.05622698958882053
146,Matrix B,WebServer,2.0,0.4873949190368663,0.4908033803525055,0.405166922821895,2-to-1,0.17075175373724266,0.10889119167429386,0.18186779930138752,0.258012594828563,0.0918937944722795,0.0076288690054634525
147,Matrix A,Hadoop,1.0,0.3726029934923354,0.4146155169288723,0.34663219926539723,2-to-1,0.09146015427775132,0.056840406287330794,0.09696863402660595,-0.09410462299117951,0.07199710044599092,-0.036801642103500495
148,Matrix B,CacheFollower,1.0,0.4402139263202343,0.4437044422883091,0.3577796934556714,4-to-1,0.24826508153872276,-0.0713793573783102,0.23204630446756094,-0.11717934470451466,0.09973753151873319,-0.09011386092367511
149,Matrix B,Hadoop,2.0,0.492439325719155,0.5212661543265951,0.400594201672578,4-to-1,0.19036610535403475,0.1456892788364332,0.1448404929648942,0.08716813052628757,0.12043210317724554,-0.10146958980072363
150,Matrix C,WebServer,2.0,0.7165477704140878,0.8019118126775748,0.3628381519506863,4-to-1,0.9763376535690587,0.12644612747155148,1.1112480176983097,0.18900946069103283,0.6522555600216587,-0.15228380658572574
151,Matrix C,Hadoop,1.0,0.42582408589101306,0.4682719594017157,0.18239320727125366,1-to-1,0.34662371403008374,0.015785265707875064,0.4711840746960092,0.04274390429162359,0.17106112258294742,-0.04261351192746574
152,Matrix B,WebServer,1.0,0.43017195695609256,0.45652731022961995,0.34922814851525036,4-to-1,0.22728316052119865,0.0922372674667666,0.15977091195616783,-0.010780563887599846,0.04998835710253191,-0.10732059879112142
153,Matrix A,WebServer,2.0,0.25206033685414797,0.2771772880684328,0.2213338969780608,1-to-1,0.07958180783155906,0.0033948054714144425,0.06073334943193259,-0.03017518271614862,0.025791042488584534,0.00029801093537602514
154,Matrix B,CacheFollower,2.0,0.6012296386065648,0.6022234126961712,0.4930483369029015,1-to-1,0.4171937509700081,-0.226264850853947,0.47577572515968347,-0.1087637195294582,0.32382368004022144,-0.251287517755463
155,Matrix C,Hadoop,1.0,0.3144567544030674,0.3458037362602097,0.13469149983396925,1-to-1,0.27293208013197046,0.012164590364761424,0.25898911570209093,0.0010205764695978296,0.13473372986143614,-0.028432930527486525
156,Matrix C,Hadoop,2.0,0.710536714562492,0.7875007424375458,0.31952448914481485,2-to-1,0.835476907800494,0.15756649917147736,0.808432960180827,0.1525874938714092,0.8297559999823536,-0.16866333760301291
157,Matrix B,CacheFollower,2.0,0.5464247734227365,0.5473549491063301,0.4556915381340483,2-to-1,0.411511877854753,-0.059080531708213875,0.49972178494991765,-0.23133650926275925,0.2595827029564854,-0.10906386416335043
158,Matrix B,WebServer,2.0,0.46445782633635463,0.46757266165095424,0.3801502731903943,1-to-1,0.17389203251904736,0.04537210074704201,0.17058534260739183,0.17595287044321337,0.07643723988138354,-0.020881705340397332
159,Matrix A,CacheFollower,1.0,0.35483917027680567,0.35823715347320956,0.3283662030810715,2-to-1,0.1174291037357799,0.012241701443149166,0.06286416481861952,-0.021198793948264103,0.07899360571271614,-0.004951487004498512
160,Matrix C,WebServer,1.0,0.46012220978164114,0.5109622829724886,0.20669753971919483,2-to-1,0.3943855330382686,0.036284361727168674,0.4364211668356732,0.003598710653727635,0.13985796197710393,-0.053946152320983404
161,Matrix C,Hadoop,1.0,0.4869788383872355,0.5355209642294956,0.20858687835993986,1-to-1,0.4640080625519404,0.05838197660555186,0.5203493037402709,0.0406265349182984,0.19095881444983503,-0.035026307238715686
162,Matrix B,WebServer,2.0,0.35743736808149074,0.35986404611367473,0.2925800132640397,1-to-1,0.17977622536455756,-0.015134245026234242,0.11360124633007634,-0.07034815772099788,0.05077903074153453,-0.08880742238669667
163,Matrix A,Hadoop,2.0,0.2607629057674832,0.289722246543389,0.24221290917841778,2-to-1,0.05332567312195809,-0.0395799032186378,0.06574717677180347,-0.10786000295952576,0.02289200498314857,-0.004024513612901961
164,Matrix A,CacheFollower,1.0,0.2862987474854347,0.29008555620693155,0.18613163442898217,4-to-1,0.06923061707686648,0.28954403630386716,0.06708865502174291,0.06251789899904209,0.02004964542139175,-0.0016771309667168422
165,Matrix C,Hadoop,1.0,0.4976038462949421,0.5471951134027351,0.21313399131493485,1-to-1,0.4060304390398132,0.03480603379185139,0.4172575878747201,0.0021624408548856157,0.1982808589091146,-0.053498659282978825
166,Matrix A,Hadoop,2.0,0.4377477482944125,0.4863759322127369,0.38595118430742603,1-to-1,0.11285803114413501,-0.051203902198760594,0.29245798025507913,-0.2583043806450932,0.0815904461628024,-0.05094110191137493
167,Matrix C,Hadoop,2.0,0.3739547223548296,0.4144578181649362,0.1885529069783289,4-to-1,0.3562947139599427,0.03177186825482904,1.1034361924833667,-0.4078393742174344,0.13029645981762378,-0.02121979348634326
168,Matrix B,WebServer,2.0,0.35186803852402815,0.35429649036684063,0.2924780566026342,2-to-1,0.08481200989099973,-0.0012713576438522368,0.11110913350469756,-0.04977679487410858,0.052495558692572226,-0.011810062188895815
169,Matrix B,CacheFollower,1.0,0.49779345206767084,0.49649791223042133,0.41335375426865123,2-to-1,0.15350073687822577,0.0051488370318761014,0.0821028572231581,-0.006711711987427552,0.18718084644245872,0.1083067989912793
170,Matrix C,WebServer,1.0,0.45969779337288225,0.5106214575659219,0.1983997588450374,1-to-1,0.40321859263635124,0.022173817070084197,0.3983244047599351,0.020570373892938962,0.14379043342201647,-0.047021388098187095
171,Matrix C,CacheFollower,2.0,0.3899553900952213,0.4035077456530063,0.163979057337287,1-to-1,0.15856904452971196,0.035585962764841945,0.17697498985974738,0.02944327747035013,0.1472176079723183,-0.02952000955466574
172,Matrix B,WebServer,1.0,0.6690420765770847,0.6706673916581527,0.5452799758016059,1-to-1,0.5198591357148483,0.14658141516168444,0.39985972497847183,0.06676348205865329,0.2509078730206187,-0.12752038234515822
173,Matrix C,CacheFollower,2.0,0.3960337478872348,0.4097935608473494,0.19787844357099862,4-to-1,0.15949772281052266,0.02824669504495057,0.1287401554494033,0.027429938654991732,0.1524519058182733,-0.024366039617912307
174,Matrix C,Hadoop,2.0,0.46849940132410967,0.5192544081880129,0.2106848800811021,2-to-1,0.4662251383815457,0.04029239904138699,0.49162359187971216,0.04537801611263973,0.17570284361932792,-0.030089406100420133
175,Matrix B,WebServer,1.0,0.491735519764727,0.49303116220020077,0.407011762255059,2-to-1,0.21904003226806668,0.06384129677674968,0.16745047535489202,-0.052393201806416004,0.11141377565586434,0.017766724947462897
176,Matrix C,CacheFollower,1.0,0.6155246951323434,0.631922164420309,0.3051376450663315,4-to-1,0.4230876897333978,0.05048120842490151,1.3427322325381796,-0.07144146173609878,0.5555010427345988,-0.13155039146125969
177,Matrix A,Hadoop,2.0,0.25428706454458816,0.2825361318992598,0.22419932298699,1-to-1,0.039768807430796936,-0.04690271865284406,0.08946521359962327,-0.019748085318729673,0.02651179942411422,-0.053691348951356126
178,Matrix A,Hadoop,1.0,0.5249442952927075,0.546000199218926,0.34174556226542696,4-to-1,0.1167500806047394,0.0715708525159833,0.08643670989293384,-0.1970627282328832,0.02741825423233155,0.00837269414574767
179,Matrix B,WebServer,2.0,0.28461777988293036,0.2865811473677556,0.23299886941511536,1-to-1,0.09143130512731847,-0.0513454168333987,0.07926470712466144,0.07784533764482565,0.04961839558813554,-0.026205844685273677
180,Matrix C,WebServer,2.0,0.5959382679039567,0.6670464045659502,0.2591811976583894,1-to-1,0.7419688753447149,0.15271789323575344,0.7918200649521477,0.18972061882398727,0.20581761825847997,-0.04137900339585646
181,Matrix B,WebServer,2.0,0.3510081172036781,0.37408999320541386,0.28616631963989153,4-to-1,0.15025144760486986,0.056026447831894824,0.09495984004119122,0.010199166546969908,0.03938537711596207,-0.031283536268026095
182,Matrix C,WebServer,2.0,0.31519777454448783,0.35281914173762896,0.1370880452119571,1-to-1,0.2781524164744677,0.04718740582608196,0.2839732644645598,0.05991453692103002,0.1126220844011568,-0.006549285722058403
183,Matrix B,WebServer,2.0,0.46696641106108877,0.470190977954573,0.38815101835060256,2-to-1,0.1260586350039564,0.27970990481039465,0.19670713040231763,0.38560929497879814,0.08920028421214939,0.03319775690302973
184,Matrix A,Hadoop,1.0,0.729101716771376,0.8113365514580392,0.678304023234878,2-to-1,0.5432610600579212,0.10745541354628602,0.5058301542088518,-0.09353313391903859,0.4609350221033622,-0.2581492627036877
185,Matrix A,Hadoop,1.0,0.5614998547214793,0.5840136622596046,0.36553846985367344,4-to-1,0.11918918003854083,0.043904768297654585,0.11202183051881281,-0.2471655183837985,0.042234772401947895,-0.04556323687840614
186,Matrix C,Hadoop,2.0,0.37802752671672857,0.41898521942586625,0.16319810809196525,1-to-1,0.3489858212642359,0.038583378357252125,0.48379550376199887,0.043651186165370046,0.14274466810816488,-0.025389638208761393
187,Matrix C,CacheFollower,2.0,0.6803397105255539,0.7039833466292408,0.29907180077745266,2-to-1,0.8596526970424103,0.0617082445019101,3.077013286581259,0.28848336439965255,0.9482323294262178,-0.22485557882495147
188,Matrix A,CacheFollower,2.0,0.5369251655038476,0.5412587004327659,0.49613001163776593,2-to-1,0.5241305394605635,0.2695339135236901,0.3156033045200659,0.24330965819393668,0.19726653829379037,-0.03276434230576833
189,Matrix B,CacheFollower,1.0,0.555442435921554,0.5598346476706788,0.4514209224421201,4-to-1,0.3150344852304856,-0.08600872848035382,0.4671520291878485,-0.19322401353534205,0.18561211544316653,-0.0300453475945661
190,Matrix B,WebServer,2.0,0.6224102471231658,0.6633643568181735,0.5074515225074,4-to-1,0.8017174758825873,0.37913815579009097,0.8013480136959651,0.5134178177731609,0.15528260763425786,-0.040283855741005396
191,Matrix C,WebServer,1.0,0.3017955243982935,0.3351966339165286,0.13023920230235034,1-to-1,0.2398039857373914,0.08993908491236524,0.26227757439076427,0.06532256908700869,0.1014153250293177,0.008953817011197485
