id,matrix,size_dist,lognorm_sigma,max_load_spec,max_load,top10pct_load,oversub,was__ns3__pmn_m,p99__ns3__pmn_m,was__ns3__pmn_m_path,p99__ns3__pmn_m_path,was__ns3__ns3_path,p99__ns3__ns3_path,was__ns3__flowsim,p99__ns3__flowsim
0,Matrix C,CacheFollower,2.0,0.6546710160064348,0.6628307977260223,0.2734229503430478,1-to-1,0.7114206189104715,0.13227009727266886,0.7114206189104715,0.13227009727266886,0.8000508824782229,-0.1810533261382038,0.8000508824782229,-0.1810533261382038
1,Matrix C,CacheFollower,1.0,0.2851827465663648,0.2886436068196132,0.11906835897434562,1-to-1,0.04125260076228232,0.002741567332694907,0.04125260076228232,0.002741567332694907,0.10132191046092344,-0.018730699130779172,0.10132191046092344,-0.018730699130779172
2,Matrix C,CacheFollower,2.0,0.5150773623899252,0.5214932425062133,0.25627710353730976,4-to-1,0.36947860711596026,0.05612390622147313,0.36947860711596026,0.05612390622147313,0.2771425005811611,-0.04843959542007704,0.2771425005811611,-0.04843959542007704
3,Matrix A,WebServer,1.0,0.7324178498227348,0.7619773851734175,0.6490318029874039,1-to-1,0.9659516732732728,0.14883225940014547,0.9089884053150721,0.11803198897002351,0.4237677274190192,-0.18380559272210983,0.4237677274190192,-0.18380559272210983
4,Matrix A,Hadoop,2.0,0.3455859171762805,0.36391695850136335,0.3063147130999203,1-to-1,0.1502247498762969,0.019835808588589018,0.1328548262532591,0.0790518854312412,0.06201700246773864,0.016168526034264434,0.06201700246773864,0.016168526034264434
5,Matrix B,Hadoop,2.0,0.6104936716327665,0.6221295421616931,0.5003857758622806,4-to-1,0.040235940503555806,0.7219620720092683,0.040235940503555806,0.7219620720092683,0.0021277578655995028,-0.00039160825019066115,0.0021277578655995028,-0.00039160825019066115
6,Matrix B,WebServer,1.0,0.6901726291402162,0.7045276500289129,0.5659037440559127,4-to-1,0.022349537092939204,0.29553882030336365,0.022349537092939204,0.29553882030336365,0.003263243796509473,-0.0018344957423221107,0.003263243796509473,-0.0018344957423221107
7,Matrix B,Hadoop,2.0,0.7126208270275072,0.7802090318941546,0.5857986284782186,1-to-1,0.02088519936438161,0.03297872307803752,0.02088519936438161,0.03297872307803752,0.010499411243969936,-0.1395010775929927,0.010499411243969936,-0.1395010775929927
8,Matrix A,Hadoop,2.0,0.25751251172962664,0.26454649403754377,0.16812615169828812,4-to-1,0.08263617307240159,0.03813940019441645,0.10870745389895836,0.0619224354442448,0.012419528417395003,0.01697703672749207,0.012419528417395003,0.01697703672749207
9,Matrix A,CacheFollower,2.0,0.5568846038892901,0.5604329894407806,0.36273010724554977,4-to-1,0.21281405779006,0.06373184058404706,0.24872827033439526,0.08533215477996955,0.06654825398131871,0.0008955757722900517,0.06654825398131871,0.0008955757722900517
10,Matrix C,CacheFollower,1.0,0.2919822652843035,0.29552807752691046,0.12765535969723957,2-to-1,0.04426926899438889,-0.002490708341951737,0.04426926899438889,-0.002490708341951737,0.11008891204229942,-0.021501067851449732,0.11008891204229942,-0.021501067851449732
11,Matrix C,CacheFollower,1.0,0.36787237542304263,0.3723308495510354,0.1608308385522923,2-to-1,0.07244704281964505,0.009226850183076854,0.07244704281964505,0.009226850183076854,0.15337481803781305,-0.02500180543010616,0.15337481803781305,-0.02500180543010616
12,Matrix C,WebServer,2.0,0.7383383855483423,0.7809728525936004,0.32529654650594253,2-to-1,1.0092637423418451,0.3101622935156725,1.0092637423418451,0.3101622935156725,1.0957809420829165,-0.1521587929497669,1.0957809420829165,-0.1521587929497669
13,Matrix B,Hadoop,2.0,0.5860334719877185,0.597217541531658,0.48034877406649934,4-to-1,0.03815229101256788,0.751267135313212,0.03815229101256788,0.751267135313212,0.0011883718142060682,-0.0003901021926583469,0.0011883718142060682,-0.0003901021926583469
14,Matrix C,CacheFollower,2.0,0.2671581429794989,0.2704830417066446,0.11157639556002023,1-to-1,0.06393555698618957,0.01859935649418924,0.06393555698618957,0.01859935649418924,0.07718644985898196,-0.010077259312081312,0.07718644985898196,-0.010077259312081312
15,Matrix A,WebServer,2.0,0.6213051726408152,0.6466720093063861,0.5813579557336946,2-to-1,0.6378094876659813,0.24584978684526318,0.6610503705465296,0.21272887758022202,0.19682579230973785,-0.09025508431723554,0.19682579230973785,-0.09025508431723554
16,Matrix A,WebServer,1.0,0.409306522776384,0.4259762787947082,0.3829524898678178,2-to-1,0.22582203860693897,0.12286108874332191,0.23721714580022646,0.09097376975163206,0.08048451219732611,0.010648770459607399,0.08048451219732611,0.010648770459607399
17,Matrix B,WebServer,2.0,0.2590273444600284,0.28656255638829403,0.216365343308513,2-to-1,0.006825751622175795,0.30287095264633,0.006825751622175795,0.30287095264633,0.001366903025666616,-0.026390838803798868,0.001366903025666616,-0.026390838803798868
18,Matrix A,WebServer,2.0,0.27197601043687214,0.283034592539943,0.2410808403424534,1-to-1,0.10971336643554598,0.03647379132578029,0.10178549418360566,0.026511964917281406,0.030798772271135248,-0.002450275220769736,0.030798772271135248,-0.002450275220769736
19,Matrix C,Hadoop,1.0,0.46548395995167463,0.4968707062665114,0.19620105491545453,1-to-1,0.3660950874647454,0.023731221959226535,0.3660950874647454,0.023731221959226535,0.17636036139217018,-0.04416767413133321,0.17636036139217018,-0.04416767413133321
20,Matrix A,CacheFollower,2.0,0.42465960069254305,0.42738144001067446,0.2766149004269567,4-to-1,0.15473892671133443,0.09963475484822226,0.16209572924791774,0.09251261019391682,0.04749410801258277,0.03853296993443925,0.04749410801258277,0.03853296993443925
21,Matrix C,CacheFollower,1.0,0.2616492152306864,0.2648213513132284,0.11439138081392825,2-to-1,0.03974257164104469,0.027493317364483693,0.03974257164104469,0.027493317364483693,0.08587263044605695,-0.015202488215346794,0.08587263044605695,-0.015202488215346794
22,Matrix C,WebServer,2.0,0.30340988002115266,0.3209595349367629,0.13368842193572644,2-to-1,0.25245261515691614,0.036038132126450545,0.25245261515691614,0.036038132126450545,0.0915284961584898,-0.02924430602267322,0.0915284961584898,-0.02924430602267322
23,Matrix C,Hadoop,2.0,0.2719164250616908,0.2903382371737329,0.13571975635525182,4-to-1,0.18045763174526458,0.0051622831882354794,0.18045763174526458,0.0051622831882354794,0.11130410823169282,-0.01860571709030723,0.11130410823169282,-0.01860571709030723
24,Matrix B,WebServer,2.0,0.349409375763963,0.3865985644249784,0.291896234382291,2-to-1,0.008445667161265016,0.34376302248225754,0.008445667161265016,0.34376302248225754,0.00132550680997707,0.01883459322050483,0.00132550680997707,0.01883459322050483
25,Matrix A,Hadoop,1.0,0.6068434737969903,0.6391006109937669,0.5676541099966158,2-to-1,0.5786870617804882,0.1737970497922499,0.5889622750167507,0.20157691900852168,0.23220569209683056,-0.08103856334361657,0.23220569209683056,-0.08103856334361657
26,Matrix A,CacheFollower,1.0,0.30974796746406696,0.3099254471677211,0.27363084547914696,1-to-1,0.1675052114418204,0.08522490121994572,0.13572733598716333,0.07414144792352466,0.07296649702887939,0.005130037985735811,0.07296649702887939,0.005130037985735811
27,Matrix B,Hadoop,1.0,0.32663654142670284,0.33320107712951025,0.26799816528683257,4-to-1,0.024713165200820356,0.3188945794232511,0.024713165200820356,0.3188945794232511,0.0008657347401689412,-0.04396378175904917,0.0008657347401689412,-0.04396378175904917
28,Matrix A,Hadoop,2.0,0.3895119590853292,0.40014576254534007,0.25430300039083925,4-to-1,0.13260972209812222,-0.01715486358838483,0.16006159345573348,0.017019526470987364,0.023835582968150856,-0.018563841385182064,0.023835582968150856,-0.018563841385182064
29,Matrix B,WebServer,1.0,0.518351058647661,0.5741427219444657,0.4335004985832565,2-to-1,0.01544394082264484,0.3181145143021535,0.01544394082264484,0.3181145143021535,0.00727691630688152,-0.051343337929071135,0.00727691630688152,-0.051343337929071135
30,Matrix C,WebServer,2.0,0.2625526151749801,0.2776957933072617,0.1311803639835022,4-to-1,0.203006399820433,0.04158909454659196,0.203006399820433,0.04158909454659196,0.0905994460749848,-0.023096967670725884,0.0905994460749848,-0.023096967670725884
31,Matrix C,WebServer,2.0,0.47527916957783684,0.5027664428096487,0.20073255866167677,1-to-1,0.45350782377232135,0.09743523697526534,0.45350782377232135,0.09743523697526534,0.14746036339093027,-0.029618457018508505,0.14746036339093027,-0.029618457018508505
32,Matrix B,Hadoop,2.0,0.5584738779382943,0.6114185303454169,0.4672767310062364,2-to-1,0.06965656506004866,1.211094668561597,0.06965656506004866,1.211094668561597,0.0023331790847835473,-0.00013802883451936691,0.0023331790847835473,-0.00013802883451936691
33,Matrix B,Hadoop,1.0,0.2777842232339133,0.3044130375377128,0.2326485170885256,2-to-1,0.020350948174112482,0.19718648534960573,0.020350948174112482,0.19718648534960573,0.0008600955892660566,-0.048419214963593686,0.0008600955892660566,-0.048419214963593686
34,Matrix C,Hadoop,1.0,0.3857303263943396,0.4117452403778879,0.1625872676787446,1-to-1,0.3217229080642937,0.005911359535936457,0.3217229080642937,0.005911359535936457,0.14654331157445655,-0.03452707244116527,0.14654331157445655,-0.03452707244116527
35,Matrix A,WebServer,2.0,0.2630220239195611,0.27374925408258804,0.246100502869082,2-to-1,0.13273320394916147,0.1554407262422121,0.13926130532221587,0.12931865886257826,0.03982867666012475,-0.04376310697071816,0.03982867666012475,-0.04376310697071816
36,Matrix A,WebServer,1.0,0.4189518845598552,0.4297717016497698,0.27358640588260835,4-to-1,0.11882875091149409,0.06467882530196442,0.09624005905557349,0.09155303161353893,0.027466075660379837,-0.02755889477384633,0.027466075660379837,-0.02755889477384633
37,Matrix C,Hadoop,1.0,0.6046028883056305,0.6453608056156781,0.2548358542173484,1-to-1,0.590003023792955,0.1357806680650452,0.590003023792955,0.1357806680650452,0.34008237205683456,-0.1022599079050497,0.34008237205683456,-0.1022599079050497
38,Matrix C,Hadoop,2.0,0.6834829684595175,0.7298034818208773,0.3006560688323523,2-to-1,0.6753723478995656,0.1961451523015497,0.6753723478995656,0.1961451523015497,0.6979951761151157,-0.18002382570268022,0.6979951761151157,-0.18002382570268022
39,Matrix A,CacheFollower,2.0,0.2696321481117253,0.26977553486150013,0.25143434930493463,2-to-1,0.1862355769650762,-0.05842200038296537,0.16948894562202596,-0.04125455494455798,0.0587535748259065,-0.06352994520151134,0.0587535748259065,-0.06352994520151134
40,Matrix C,Hadoop,2.0,0.5152928979574745,0.5501926136670258,0.22666204319657499,2-to-1,0.4748244611228698,0.0705686096580349,0.4748244611228698,0.0705686096580349,0.20689045672865197,-0.037724766097494776,0.20689045672865197,-0.037724766097494776
41,Matrix A,WebServer,2.0,0.3266624065232707,0.33508700534621116,0.2133110888366479,4-to-1,0.0819082509628739,0.05306599857488978,0.06589638247789201,-0.0006758103602557604,0.017929888109430126,0.0031313912243066035,0.017929888109430126,0.0031313912243066035
42,Matrix C,CacheFollower,1.0,0.5569544659977093,0.5637179755636486,0.2435018071261114,2-to-1,0.27349478506216957,0.052487613257490184,0.27349478506216957,0.052487613257490184,0.4046933752169634,-0.07177335631846442,0.4046933752169634,-0.07177335631846442
43,Matrix C,WebServer,2.0,0.4920141804432579,0.5203696026447447,0.20776072722793112,1-to-1,0.46905992059318247,0.08484679786795203,0.46905992059318247,0.08484679786795203,0.15598874751892988,-0.04425860057918493,0.15598874751892988,-0.04425860057918493
44,Matrix B,CacheFollower,2.0,0.2935749864576772,0.29431857595793565,0.2392131786249969,4-to-1,0.0060913666223764654,-0.18384970200645287,0.0060913666223764654,-0.18384970200645287,0.0006820971277935004,0.0005983637841460512,0.0006820971277935004,0.0005983637841460512
45,Matrix B,Hadoop,2.0,0.31627027149863873,0.322310420738393,0.2592378902237235,4-to-1,0.026058007120240367,0.538610009212436,0.026058007120240367,0.538610009212436,0.0008425871121516995,0.03417905444656994,0.0008425871121516995,0.03417905444656994
46,Matrix A,Hadoop,1.0,0.47397038559206334,0.49913290831822205,0.4201289021176198,1-to-1,0.31225245697915466,0.07132900547199732,0.3620293316910894,0.10334132427973017,0.10794698885913996,-0.053762249683793936,0.10794698885913996,-0.053762249683793936
47,Matrix A,WebServer,2.0,0.6494533494271933,0.6660625591590847,0.4240048926418974,4-to-1,0.17800799683195567,0.04717839174645637,0.12389318244411848,0.03351709004806365,0.06279759424596351,0.004392770170243941,0.06279759424596351,0.004392770170243941
48,Matrix B,CacheFollower,2.0,0.5399094882804178,0.5464211110481919,0.4421367177384328,1-to-1,0.008872784815255004,0.10616128849666517,0.008872784815255004,0.10616128849666517,0.004929889377916172,-0.03044744382020175,0.004929889377916172,-0.03044744382020175
49,Matrix A,WebServer,2.0,0.2777694326655076,0.2890590907716998,0.25986404178294226,2-to-1,0.14614158029852498,0.11196179213565358,0.14665247758000696,0.06981015064740331,0.025070029993009762,0.004744746384396469,0.025070029993009762,0.004744746384396469
50,Matrix A,Hadoop,1.0,0.6220991136292884,0.65512130135201,0.5514270618733917,1-to-1,0.5377500255268879,0.03599977385721207,0.6140126842605876,0.05419999377270261,0.29753212039923493,-0.11214250454808776,0.29753212039923493,-0.11214250454808776
51,Matrix A,CacheFollower,1.0,0.4556169864961452,0.4585748914759288,0.2968049443306997,4-to-1,0.13912511788521645,-0.02390148515509545,0.15970369953077268,0.006623618740965809,0.05052626982767264,0.015953094380165456,0.05052626982767264,0.015953094380165456
52,Matrix C,CacheFollower,1.0,0.6112845687720734,0.6187029635690903,0.2552211267682152,1-to-1,0.34652282244983623,0.0770060824680146,0.34652282244983623,0.0770060824680146,0.5849042745692399,-0.11393694767917052,0.5849042745692399,-0.11393694767917052
53,Matrix C,CacheFollower,2.0,0.7390207853323516,0.7482421861026668,0.30865582407516357,1-to-1,1.3655018223245854,0.13167778015844198,1.3655018223245854,0.13167778015844198,1.9008871774941976,-0.30915082732704713,1.9008871774941976,-0.30915082732704713
54,Matrix C,CacheFollower,1.0,0.3997012306279446,0.4045427571420601,0.16687791134613553,1-to-1,0.08551844048395278,0.005987918540649175,0.08551844048395278,0.005987918540649175,0.17949030232528257,-0.0319301864307628,0.17949030232528257,-0.0319301864307628
55,Matrix A,WebServer,2.0,0.5696093428489593,0.5842711616670707,0.37193778229978774,4-to-1,0.17517614448986957,0.054445515754717774,0.12296732783811906,-0.01452444340881343,0.0589737164287923,-0.02207722064601164,0.0589737164287923,-0.02207722064601164
56,Matrix A,CacheFollower,2.0,0.5593355068507759,0.5596187006176395,0.49408203189827793,1-to-1,0.6806067595897831,0.15918867050879068,0.581950486215204,0.14878775659659946,0.258685519104655,-0.11467800092564297,0.258685519104655,-0.11467800092564297
57,Matrix B,Hadoop,2.0,0.6056914918947001,0.6630902187570227,0.5067668289304981,2-to-1,0.015328485279780691,-0.02658046802712338,0.015328485279780691,-0.02658046802712338,0.009527973345750954,-0.15318720451715806,0.009527973345750954,-0.15318720451715806
58,Matrix A,WebServer,1.0,0.46186434056093467,0.4806643480181017,0.4094169383150945,1-to-1,0.2851946180591816,0.25706339919813853,0.26679861334282895,0.20661956858160221,0.06642907006150364,-0.004325263563456039,0.06642907006150364,-0.004325263563456039
59,Matrix A,WebServer,1.0,0.36963396623102673,0.3845849096318264,0.3457416668009766,2-to-1,0.17520083937507025,0.0799797684234782,0.1961245827558501,0.057439770081861734,0.0893898074314669,-0.05045528395845637,0.0893898074314669,-0.05045528395845637
60,Matrix B,Hadoop,1.0,0.5831753530088837,0.5949017846660761,0.47848760930612527,4-to-1,0.023777095216207387,0.1716867879620038,0.023777095216207387,0.1716867879620038,0.0014070407278125193,-0.00039439367767925927,0.0014070407278125193,-0.00039439367767925927
61,Matrix A,Hadoop,2.0,0.5655960123381027,0.5956178504611828,0.5290325680279611,2-to-1,0.5390739816476793,0.15500203359473974,0.5402894449834705,0.1549878269914361,0.18258783218591124,-0.1371766461571892,0.18258783218591124,-0.1371766461571892
62,Matrix B,Hadoop,2.0,0.3755568458443934,0.38272436359049056,0.30782950277623544,4-to-1,0.007890177109968153,0.055892128581270295,0.007890177109968153,0.055892128581270295,0.008729091487486927,-0.05236853465484553,0.008729091487486927,-0.05236853465484553
63,Matrix B,WebServer,2.0,0.7311332739938902,0.8088832507076631,0.6107368123579846,2-to-1,0.019755991408449174,-0.06080776309734567,0.019755991408449174,-0.06080776309734567,0.010652018361440694,-0.33831760754167434,0.010652018361440694,-0.33831760754167434
64,Matrix A,WebServer,1.0,0.4843775243854434,0.5041029451037612,0.45318832889468963,2-to-1,0.28809241914173517,0.18152787118694563,0.29595745753630526,0.1388192865939945,0.0864551078442501,-0.09612851997967167,0.0864551078442501,-0.09612851997967167
65,Matrix B,Hadoop,2.0,0.3469791436046634,0.37986612515141305,0.28521209833681893,1-to-1,0.011729966298826586,0.5766657893764242,0.011729966298826586,0.5766657893764242,0.00837706802490433,-0.05236853465484553,0.00837706802490433,-0.05236853465484553
66,Matrix B,WebServer,2.0,0.35548132138250854,0.39334719744705754,0.2917490216425338,1-to-1,0.026755883767346576,0.3715090567214454,0.026755883767346576,0.3715090567214454,0.0016230836041608919,0.028051853584544234,0.0016230836041608919,0.028051853584544234
67,Matrix C,Hadoop,2.0,0.39717170709244765,0.42408185165076545,0.1747083777430539,2-to-1,0.31936437032126425,0.01161966259536698,0.31936437032126425,0.01161966259536698,0.14168402565226415,-0.029775362486376307,0.14168402565226415,-0.029775362486376307
68,Matrix B,WebServer,2.0,0.2557384943449943,0.2829639970541257,0.21364829774743696,2-to-1,0.006080385058931977,0.2138583433893912,0.006080385058931977,0.2138583433893912,0.0014372906182207386,0.0,0.0014372906182207386,0.0
69,Matrix C,Hadoop,2.0,0.3390592231106748,0.36203009313000983,0.14295533360967835,1-to-1,0.2824762267182695,0.0033777404907627167,0.2824762267182695,0.0033777404907627167,0.14300081597565062,-0.021948549626322596,0.14300081597565062,-0.021948549626322596
70,Matrix A,Hadoop,2.0,0.5069716246400675,0.5208051064438921,0.3309851398663476,4-to-1,0.20626748585342072,0.06307781171731576,0.20961846783149707,0.059003963518290736,0.03745265511941769,-0.005849958507908637,0.03745265511941769,-0.005849958507908637
71,Matrix A,Hadoop,2.0,0.705462539767861,0.7428242121980062,0.6597824431828552,2-to-1,1.1975029379122228,0.09749031345923066,1.119535104775267,0.08746563608593945,0.38893001859747434,-0.172297961951901,0.38893001859747434,-0.172297961951901
72,Matrix B,Hadoop,2.0,0.5003988892645248,0.5099559572055563,0.4101633020557801,4-to-1,0.021477901335179465,0.17272645332768408,0.021477901335179465,0.17272645332768408,0.0019212469074382792,-0.0002630933230910011,0.0019212469074382792,-0.0002630933230910011
73,Matrix B,CacheFollower,1.0,0.7496522051820941,0.7594618334015115,0.6145208004725141,1-to-1,0.020013563740045242,-0.013826536137673135,0.020013563740045242,-0.013826536137673135,0.013239424448166563,-0.008463511509876877,0.013239424448166563,-0.008463511509876877
74,Matrix B,WebServer,1.0,0.5909489223635469,0.6543663589244127,0.4940725225858281,2-to-1,0.01531268006688247,0.5604143405780656,0.01531268006688247,0.5604143405780656,0.008125345600028904,-0.016710094477160615,0.008125345600028904,-0.016710094477160615
75,Matrix A,WebServer,1.0,0.34691401838273683,0.3609366085008988,0.3244818543960278,2-to-1,0.18735083378251136,0.13783465460792813,0.17612961908566366,0.06606146815498261,0.07051091344299555,-0.020253718754846314,0.07051091344299555,-0.020253718754846314
76,Matrix A,WebServer,1.0,0.5090416360434802,0.5222280537752275,0.33244277309396375,4-to-1,0.1260938088810838,0.05343242183464016,0.10815906647467415,0.04095051318653924,0.031322778501310544,-0.04856679452795921,0.031322778501310544,-0.04856679452795921
77,Matrix B,CacheFollower,1.0,0.47194363451311944,0.47811989362648677,0.3868721334651286,1-to-1,0.00907638962462338,0.08627849361058444,0.00907638962462338,0.08627849361058444,0.001834567869166485,-0.0034808981282005427,0.001834567869166485,-0.0034808981282005427
78,Matrix A,Hadoop,2.0,0.5159723315456286,0.5300720929439636,0.3368745499101208,4-to-1,0.2037597705564633,0.0824896235371703,0.21228098852697225,0.04845865856655266,0.050050938664931946,-0.028207570947376817,0.050050938664931946,-0.028207570947376817
79,Matrix C,CacheFollower,1.0,0.5450266051642836,0.5516208764435674,0.2710841567315764,4-to-1,0.2449569828486271,0.026605349220626004,0.2449569828486271,0.026605349220626004,0.38456640110783313,-0.06393810282576386,0.38456640110783313,-0.06393810282576386
80,Matrix A,Hadoop,2.0,0.7350793657763435,0.7740497108534419,0.651529997574079,1-to-1,1.0905322435229072,0.18008307060826684,1.1928497006540324,0.1988695893467776,0.4274609015682044,-0.15196190837780474,0.4274609015682044,-0.15196190837780474
81,Matrix C,CacheFollower,2.0,0.6029843876836714,0.6104894643393427,0.2637037540467938,2-to-1,0.5778134678277773,0.1308470492854025,0.5778134678277773,0.1308470492854025,0.5390369444051153,-0.12756513386891616,0.5390369444051153,-0.12756513386891616
82,Matrix A,Hadoop,1.0,0.37647944685565304,0.39647693909093,0.3337215766817767,1-to-1,0.17555260383370286,0.023600007346695637,0.145654493249556,0.03129400809791584,0.0932426687819695,0.0026483179011268544,0.0932426687819695,0.0026483179011268544
83,Matrix C,CacheFollower,2.0,0.5614672863273176,0.5684355918996463,0.2455383889157126,2-to-1,0.4679602901909343,0.10944788252824111,0.4679602901909343,0.10944788252824111,0.3903188625876167,-0.08020148167758384,0.3903188625876167,-0.08020148167758384
84,Matrix A,WebServer,2.0,0.6463781020757684,0.6631040261905273,0.4221215372118995,4-to-1,0.17410312965594907,0.059436036951908716,0.12419797935175492,0.014263646653141306,0.06517673203103344,-0.037887079490461946,0.06517673203103344,-0.037887079490461946
85,Matrix A,CacheFollower,1.0,0.6330249900710475,0.6334046121023982,0.5592281663734591,1-to-1,0.6903325411346622,0.283975623626363,0.5865228345120215,0.2789081970692152,0.38116275519199766,-0.09760322354140984,0.38116275519199766,-0.09760322354140984
86,Matrix C,WebServer,2.0,0.308329956610627,0.3261340101772696,0.15406203184980846,4-to-1,0.2494648334536631,0.044243209997485405,0.2494648334536631,0.044243209997485405,0.09082885304604421,-0.01816176049563926,0.09082885304604421,-0.01816176049563926
87,Matrix C,CacheFollower,2.0,0.5750752053631623,0.582231368779885,0.2514975386966176,2-to-1,0.5437460317397254,0.12124380608317051,0.5437460317397254,0.12124380608317051,0.4034513727886899,-0.096084031410799,0.4034513727886899,-0.096084031410799
88,Matrix C,WebServer,2.0,0.4886233680157534,0.5168610310146361,0.21528675132128947,2-to-1,0.43661544577791883,0.06671893366707644,0.43661544577791883,0.06671893366707644,0.15622427937701916,-0.04412715874321851,0.15622427937701916,-0.04412715874321851
89,Matrix B,Hadoop,1.0,0.5817947562675669,0.6375856929034924,0.4787155458290472,1-to-1,0.05251603933689041,0.833241094405995,0.05251603933689041,0.833241094405995,0.00220423861510285,0.0021278264856072573,0.00220423861510285,0.0021278264856072573
90,Matrix A,Hadoop,2.0,0.5611895251834542,0.590940040206878,0.4974036648339277,1-to-1,0.473103779366832,0.02857508529252048,0.5600022708309015,0.08350598531687663,0.20444104016269274,-0.12104393694935842,0.20444104016269274,-0.12104393694935842
91,Matrix C,WebServer,2.0,0.36708612320760126,0.38830028117231147,0.1617376839445103,2-to-1,0.3122631643170533,0.029605044168181268,0.3122631643170533,0.029605044168181268,0.10687968343093979,-0.024761259573238284,0.10687968343093979,-0.024761259573238284
92,Matrix A,Hadoop,2.0,0.36583227014692055,0.38524824472301616,0.3421805912868507,2-to-1,0.1829357102150582,0.09871513400693918,0.17443535134892124,0.06491845716023542,0.061525984959671806,0.023594851302283375,0.061525984959671806,0.023594851302283375
93,Matrix B,CacheFollower,2.0,0.36343669711607274,0.3643561242108228,0.29613756570595845,4-to-1,0.029895094181614068,0.11386091281200746,0.029895094181614068,0.11386091281200746,0.0018402705882826042,0.0,0.0018402705882826042,0.0
94,Matrix B,CacheFollower,2.0,0.7217600124331737,0.7304357469552718,0.6015665911796334,2-to-1,0.030289567962637886,-0.02494146625414515,0.030289567962637886,-0.02494146625414515,0.016182216898481202,-0.03277746957539235,0.016182216898481202,-0.03277746957539235
95,Matrix C,CacheFollower,2.0,0.29252399644765925,0.29616382788296947,0.12792933832666428,2-to-1,0.08662520735104301,0.019987377293226544,0.08662520735104301,0.019987377293226544,0.07971575434952266,-0.013489867054785248,0.07971575434952266,-0.013489867054785248
96,Matrix A,CacheFollower,1.0,0.3928900746943492,0.39311294494785537,0.3470764613737656,1-to-1,0.22008110046075585,0.07073501079379507,0.18929962935691558,0.07892507022057542,0.12275437952558324,-0.02533909306772517,0.12275437952558324,-0.02533909306772517
97,Matrix B,CacheFollower,2.0,0.7116169967606567,0.7202160523426331,0.5931499345664103,2-to-1,0.006773439160271945,-0.016337592886288874,0.006773439160271945,-0.016337592886288874,0.008041986962183476,0.016206722124355522,0.008041986962183476,0.016206722124355522
98,Matrix A,Hadoop,1.0,0.2909727515998869,0.30642548024316923,0.25792368818465927,1-to-1,0.1497024094769454,0.059779466837913776,0.13853908987463998,0.09224547225317917,0.03851573718618687,-0.02294467546258803,0.03851573718618687,-0.02294467546258803
99,Matrix A,WebServer,2.0,0.3360553892659176,0.34961414617925246,0.2977914162644543,1-to-1,0.14467335603421694,0.04953353220298918,0.13033946389224335,-0.03330991861598855,0.042669153141487025,-0.005508144482542101,0.042669153141487025,-0.005508144482542101
100,Matrix B,CacheFollower,2.0,0.373830321652044,0.37833162356626904,0.31158341586253663,2-to-1,0.008860211047294321,0.06361564146905252,0.008860211047294321,0.06361564146905252,0.0011999969769136032,0.0002605520782367935,0.0011999969769136032,0.0002605520782367935
101,Matrix C,CacheFollower,1.0,0.41476002394153044,0.4197813227538467,0.18132739264949477,2-to-1,0.12662664299583634,0.020995806077322206,0.12662664299583634,0.020995806077322206,0.1727988280459885,-0.018083968365886067,0.1727988280459885,-0.018083968365886067
102,Matrix A,CacheFollower,1.0,0.4932731422127044,0.49645969832620135,0.32132525322469335,4-to-1,0.15666502945282088,-0.04066272783459442,0.1612771501738816,-0.049135508286648415,0.07032482827983688,-0.04874945830683123,0.07032482827983688,-0.04874945830683123
103,Matrix C,WebServer,1.0,0.3493656036161469,0.3694671408928992,0.1745330615452702,4-to-1,0.2795188325359298,0.03282784620099,0.2795188325359298,0.03282784620099,0.100878933835666,-0.028919606744872928,0.100878933835666,-0.028919606744872928
104,Matrix A,CacheFollower,1.0,0.7313691177103281,0.7318137348121613,0.64611284044269,1-to-1,1.1660231853220167,0.13929174342137948,1.0233481904677322,0.18674130982162962,0.6718744139856357,-0.21274573344360606,0.6718744139856357,-0.21274573344360606
105,Matrix C,CacheFollower,2.0,0.5642609863149368,0.5712964409707462,0.28075185873847935,4-to-1,0.4929567178104185,0.10249029190486442,0.4929567178104185,0.10249029190486442,0.38917319584052257,-0.07052304281372265,0.38917319584052257,-0.07052304281372265
106,Matrix A,CacheFollower,1.0,0.6016512914975161,0.6020173869139135,0.5610885176499717,2-to-1,0.6750940869742336,0.38060059620840575,0.6958883600330854,0.3804753325500732,0.2645241027692802,-0.0746920387514974,0.2645241027692802,-0.0746920387514974
107,Matrix B,WebServer,2.0,0.34208557771505443,0.3488388165056442,0.2801999401778374,4-to-1,0.015361644446498983,-0.06744314615958133,0.015361644446498983,-0.06744314615958133,0.0010193438252973442,0.0,0.0010193438252973442,0.0
108,Matrix B,CacheFollower,1.0,0.6422320509290859,0.6506117346740194,0.5264444194746727,1-to-1,0.01995525219495001,0.02278685187166274,0.01995525219495001,0.02278685187166274,0.010095529624974361,-0.05147851425975076,0.010095529624974361,-0.05147851425975076
109,Matrix A,WebServer,2.0,0.4584110642684848,0.47698740471575585,0.428811543336383,2-to-1,0.3052912751792767,0.23590296879795458,0.3354251376939925,0.19118061964395286,0.06393531291731731,-0.006008589133740835,0.06393531291731731,-0.006008589133740835
110,Matrix C,CacheFollower,1.0,0.6698157913107089,0.6779318492061198,0.29283726535392746,2-to-1,0.5920663252388794,0.17073839864666718,0.5920663252388794,0.17073839864666718,0.910533923659302,-0.17682701857143868,0.910533923659302,-0.17682701857143868
111,Matrix B,WebServer,1.0,0.4433183807243915,0.45253726063678196,0.36349535765273877,4-to-1,0.015642176227244352,0.20332091722102094,0.015642176227244352,0.20332091722102094,0.006720330071546404,-0.011384849490930033,0.006720330071546404,-0.011384849490930033
112,Matrix C,Hadoop,1.0,0.737859350819907,0.7875956564051263,0.36816666926612485,4-to-1,0.7677252459741789,0.18475148938296873,0.7677252459741789,0.18475148938296873,1.351482145708137,-0.23945082675395582,1.351482145708137,-0.23945082675395582
113,Matrix B,CacheFollower,2.0,0.6796948012432781,0.6814034434788582,0.553823974957805,4-to-1,0.016611444978954677,0.0009469511641486797,0.016611444978954677,0.0009469511641486797,0.013283833700607307,-0.01929496590872036,0.013283833700607307,-0.01929496590872036
114,Matrix A,CacheFollower,1.0,0.3101633401350973,0.3103364326954615,0.28923784060472907,2-to-1,0.193500053107589,0.04849102420666143,0.18487146555352507,0.03801404618746486,0.06941506393599199,-0.015360687236934394,0.06941506393599199,-0.015360687236934394
115,Matrix A,WebServer,1.0,0.6349799138648079,0.6512190569657826,0.4145565671236805,4-to-1,0.1647380668774075,-0.0034541361187372037,0.11807570550942378,-0.0056326123135265575,0.08585376192187243,-0.05933294051286582,0.08585376192187243,-0.05933294051286582
116,Matrix C,WebServer,1.0,0.6780269746651542,0.7169226823880767,0.3386680351025225,4-to-1,0.7537510289464813,0.18035436500771615,0.7537510289464813,0.18035436500771615,0.5123523707723043,-0.12507639121576736,0.5123523707723043,-0.12507639121576736
117,Matrix A,Hadoop,1.0,0.582595013654567,0.5985250864538679,0.38037891065119334,4-to-1,0.20683600590095458,-0.009817479857193515,0.20961681480378933,0.010128598437132529,0.05604037227446869,-0.03629826341453001,0.05604037227446869,-0.03629826341453001
118,Matrix A,WebServer,1.0,0.7472724190064007,0.7665826605137643,0.48799535691934554,4-to-1,0.25115279582059824,0.11534755087399944,0.1640020649113823,0.054814990519129775,0.07056381067972,-0.05573368926945682,0.07056381067972,-0.05573368926945682
119,Matrix C,Hadoop,2.0,0.49326275395570457,0.5266744272949283,0.20796867410662825,1-to-1,0.48275493393604707,0.03674008924123458,0.48275493393604707,0.03674008924123458,0.20410610631609613,-0.050951984721575916,0.20410610631609613,-0.050951984721575916
120,Matrix B,WebServer,1.0,0.461828272407843,0.4715003145960332,0.3787272129249592,4-to-1,0.013799952431044434,0.1624240230098766,0.013799952431044434,0.1624240230098766,0.00704574548582178,0.0,0.00704574548582178,0.0
121,Matrix A,WebServer,2.0,0.49493995903119375,0.5149335779427635,0.4629251425695356,2-to-1,0.34918139878861537,0.1820162193017217,0.363377320355891,0.10781742639066041,0.08975136846985055,-0.0745336877093516,0.08975136846985055,-0.0745336877093516
122,Matrix A,CacheFollower,2.0,0.6731542124437904,0.6734581094021567,0.5945897639479595,1-to-1,1.2077090774030297,0.29233411683809496,1.0293600363711108,0.3112013952517052,0.4666594668261536,-0.1534770521479742,0.4666594668261536,-0.1534770521479742
123,Matrix A,CacheFollower,1.0,0.6950740059962296,0.6955264206328475,0.6482402283796826,2-to-1,0.9962042922505077,0.25146213591800815,0.9630373183802092,0.2514318795556452,0.532376033336998,-0.19650144904594602,0.532376033336998,-0.19650144904594602
124,Matrix C,CacheFollower,1.0,0.3308091745833327,0.3348191100111667,0.13811621335570815,1-to-1,0.05186424957100399,0.0014582747723977663,0.05186424957100399,0.0014582747723977663,0.12831790025224615,-0.029932144119719086,0.12831790025224615,-0.029932144119719086
125,Matrix A,Hadoop,2.0,0.30602592697297515,0.3222634894857255,0.28623702481719965,2-to-1,0.132972584684322,0.11928907024416703,0.12198287271582922,0.03848660093868996,0.0450271630899594,-0.02667024314824027,0.0450271630899594,-0.02667024314824027
126,Matrix C,Hadoop,2.0,0.4185834677713861,0.4469391680300249,0.20892348035682856,4-to-1,0.3458375663639706,0.023944019906706564,0.3458375663639706,0.023944019906706564,0.1658122186120808,-0.026634441506172474,0.1658122186120808,-0.026634441506172474
127,Matrix B,Hadoop,2.0,0.49824011701615384,0.5454769095311165,0.40955642964213346,1-to-1,0.019402907776703015,0.6639609696193398,0.019402907776703015,0.6639609696193398,0.00865872233592414,-0.02079545400732568,0.00865872233592414,-0.02079545400732568
128,Matrix C,CacheFollower,1.0,0.45664101386204586,0.4621681043044603,0.22712420100409358,4-to-1,0.17152269551898575,0.00888983415906991,0.17152269551898575,0.00888983415906991,0.2239499517683317,-0.03425656456417848,0.2239499517683317,-0.03425656456417848
129,Matrix C,Hadoop,1.0,0.39190538186072243,0.41833256296659954,0.19555225463892398,4-to-1,0.36625051518287494,0.00936244249559744,0.36625051518287494,0.00936244249559744,0.15238207465815753,-0.03544310286342356,0.15238207465815753,-0.03544310286342356
130,Matrix B,CacheFollower,1.0,0.6503440744522004,0.6588674152216795,0.5426267410706717,2-to-1,0.022399309121152098,0.01161893388464823,0.022399309121152098,0.01161893388464823,0.01260952713767826,-0.01339951845881958,0.01260952713767826,-0.01339951845881958
131,Matrix A,Hadoop,2.0,0.5180003868085181,0.5321552607251653,0.33819845701958823,4-to-1,0.2059552450683818,0.0772417847012847,0.21007233655104424,0.05852856873981503,0.04786866638113751,0.008400085391060526,0.04786866638113751,0.008400085391060526
132,Matrix A,CacheFollower,2.0,0.3419344937812453,0.3421183875236361,0.31885884017882354,2-to-1,0.3010073244919079,0.09216107675220274,0.28349381557598685,0.09735154032076329,0.06647323924910112,-0.002050794518778276,0.06647323924910112,-0.002050794518778276
133,Matrix B,CacheFollower,1.0,0.3914071175035624,0.3965280275429562,0.3208518324366867,1-to-1,0.00891733283495615,-0.18556751294517992,0.00891733283495615,-0.18556751294517992,0.0018862128859708607,-0.0006553784231776433,0.0018862128859708607,-0.0006553784231776433
134,Matrix C,Hadoop,2.0,0.4241574152059473,0.4528868554803836,0.2117037503722816,4-to-1,0.3535862910665657,0.02466134449280064,0.3535862910665657,0.02466134449280064,0.1655025834902546,-0.029056973943277248,0.1655025834902546,-0.029056973943277248
135,Matrix A,Hadoop,1.0,0.5683213427477707,0.5985214086783045,0.5037859418669257,1-to-1,0.41618482589967565,0.0035714338234591582,0.5179340442591119,0.010465602801753245,0.22083244840769523,-0.18321975083800282,0.22083244840769523,-0.18321975083800282
136,Matrix A,CacheFollower,1.0,0.4954424477588005,0.49570796022622243,0.4620066639756825,2-to-1,0.38297991126194464,0.2505665336229308,0.3846932431417238,0.21762567398766355,0.21095595398231232,-0.08880013394381836,0.21095595398231232,-0.08880013394381836
137,Matrix C,WebServer,2.0,0.3516087802067719,0.3719393194202195,0.14849903433711342,1-to-1,0.30273423695169327,0.05162429025185703,0.30273423695169327,0.05162429025185703,0.10690661752288576,-0.029136430107039465,0.10690661752288576,-0.029136430107039465
138,Matrix C,WebServer,1.0,0.6056627327176369,0.6405939040463374,0.26682619324505363,2-to-1,0.5459418769952681,0.09931650828935507,0.5459418769952681,0.09931650828935507,0.26898637717621754,-0.07146824846477413,0.26898637717621754,-0.07146824846477413
139,Matrix A,CacheFollower,2.0,0.36169084657817685,0.36185973867577603,0.3372580392965135,2-to-1,0.317220789493561,0.1389898640144374,0.302618794081009,0.08386011517852768,0.0845049378761736,-0.03871666128131261,0.0845049378761736,-0.03871666128131261
140,Matrix C,Hadoop,2.0,0.26457544482013917,0.2824987631661187,0.11638060066567635,2-to-1,0.1973171380060062,0.005324342135733713,0.1973171380060062,0.005324342135733713,0.10589141051948735,-0.011485050460485504,0.10589141051948735,-0.011485050460485504
141,Matrix B,CacheFollower,1.0,0.3146075118311099,0.3157169140147756,0.2566059973603748,4-to-1,0.005307862071706258,-0.18906692004062528,0.005307862071706258,-0.18906692004062528,0.0027422530252601846,-0.0906341570452569,0.0027422530252601846,-0.0906341570452569
142,Matrix A,Hadoop,2.0,0.6382770065410617,0.672122621802676,0.5657363397259132,1-to-1,0.6517495137862831,0.07041831787992611,0.7483114982031278,0.07937810920515716,0.3038502586861065,-0.14214625690069863,0.3038502586861065,-0.14214625690069863
143,Matrix B,CacheFollower,1.0,0.6195808254213897,0.6276824048216104,0.5169435456960904,2-to-1,0.01872035026924713,0.017397835536302902,0.01872035026924713,0.017397835536302902,0.012126994711937315,-0.03704812451860857,0.012126994711937315,-0.03704812451860857
144,Matrix A,Hadoop,2.0,0.3881829176457554,0.3987745188700677,0.25343153949843805,4-to-1,0.13410759955152027,-0.02324352035254654,0.1550551875572244,0.008226191726279192,0.02286288060781449,0.00469986744811667,0.02286288060781449,0.00469986744811667
145,Matrix C,WebServer,1.0,0.5497249697782385,0.5812654858709314,0.2745847561331039,4-to-1,0.5039205979361823,0.06051079648863716,0.5039205979361823,0.06051079648863716,0.19871913487407733,-0.05841489910108967,0.19871913487407733,-0.05841489910108967
146,Matrix B,WebServer,2.0,0.4873949190368663,0.5393871799546035,0.4072572978833368,2-to-1,0.014063458052316891,0.3042544395756552,0.014063458052316891,0.3042544395756552,0.0076016276828295565,-0.0006082279207826925,0.0076016276828295565,-0.0006082279207826925
147,Matrix A,Hadoop,1.0,0.3726029934923354,0.39241306624849775,0.34854432308170497,2-to-1,0.18388427542831975,0.05579838706393154,0.18003603198503215,0.12586087799254495,0.07988295478329883,-0.013118314980244723,0.07988295478329883,-0.013118314980244723
148,Matrix B,CacheFollower,1.0,0.4402139263202343,0.44175431823002814,0.35904572224989845,4-to-1,0.007801188879675482,-0.2372258842110808,0.007801188879675482,-0.2372258842110808,0.0016707538336294878,-0.004749007471064348,0.0016707538336294878,-0.004749007471064348
149,Matrix B,Hadoop,2.0,0.492439325719155,0.5018208247125722,0.40362012364257216,4-to-1,0.02022304906750193,0.19077555044015412,0.02022304906750193,0.19077555044015412,0.001252989265651453,-0.0005022437211319297,0.001252989265651453,-0.0005022437211319297
150,Matrix C,WebServer,2.0,0.7165477704140878,0.757811926006635,0.35798181558192205,4-to-1,1.0046790209840937,0.26312687147916863,1.0046790209840937,0.26312687147916863,0.7911740619561667,-0.137682690809227,0.7911740619561667,-0.137682690809227
151,Matrix C,Hadoop,1.0,0.42582408589101306,0.45452503234524033,0.17947987214526936,1-to-1,0.34979493309942566,0.015152322485307006,0.34979493309942566,0.015152322485307006,0.16367072294004598,-0.0355799041366518,0.16367072294004598,-0.0355799041366518
152,Matrix B,WebServer,1.0,0.43017195695609256,0.43916171719568337,0.35275160600170896,4-to-1,0.013639080612061842,0.17511043896668618,0.013639080612061842,0.17511043896668618,0.007016644171983244,0.0,0.007016644171983244,0.0
153,Matrix A,WebServer,2.0,0.25206033685414797,0.26224372250385564,0.22337176681014603,1-to-1,0.11013647122339167,-0.02603877185455316,0.10072067322574307,-0.034442206169688135,0.03382732239835868,-0.03860779307856231,0.03382732239835868,-0.03860779307856231
154,Matrix B,CacheFollower,2.0,0.6012296386065648,0.6084987225338967,0.49236682569786366,1-to-1,0.015060816835385392,0.19063459061074461,0.015060816835385392,0.19063459061074461,0.004494812749571116,0.007163842108702003,0.004494812749571116,0.007163842108702003
155,Matrix C,Hadoop,1.0,0.3144567544030674,0.33566336082432774,0.13254455266142806,1-to-1,0.27593399322091916,0.013809670695286975,0.27593399322091916,0.013809670695286975,0.12406322056575739,-0.012699058136575438,0.12406322056575739,-0.012699058136575438
156,Matrix C,Hadoop,2.0,0.710536714562492,0.7586521179062122,0.3125407990388108,2-to-1,0.7686427803260782,0.18921946813979235,0.7686427803260782,0.18921946813979235,0.9056710856385641,-0.20360523554321408,0.9056710856385641,-0.20360523554321408
157,Matrix B,CacheFollower,2.0,0.5464247734227365,0.5530082725095516,0.45544225176553016,2-to-1,0.0036833044684085963,0.024407897190952394,0.0036833044684085963,0.024407897190952394,0.004127266307442535,-0.02999710083761062,0.004127266307442535,-0.02999710083761062
158,Matrix B,WebServer,2.0,0.46445782633635463,0.5137857299151295,0.38107932392027916,1-to-1,0.012428420303443127,0.2895416672201579,0.012428420303443127,0.2895416672201579,0.007122193881896782,-0.05215999540282483,0.007122193881896782,-0.05215999540282483
159,Matrix A,CacheFollower,1.0,0.35483917027680567,0.3550383597461975,0.33090065386826484,2-to-1,0.2505374964611311,0.08663009626731455,0.2483367589478539,0.09799393436850118,0.07731500391261743,0.024170923803488602,0.07731500391261743,0.024170923803488602
160,Matrix C,WebServer,1.0,0.46012220978164114,0.48649179356882905,0.20263813400437466,2-to-1,0.377076411868994,0.04380196820277769,0.377076411868994,0.04380196820277769,0.13934471547680327,-0.03936608904996314,0.13934471547680327,-0.03936608904996314
161,Matrix C,Hadoop,1.0,0.4869788383872355,0.5198149284864223,0.20526111935205926,1-to-1,0.4528350722426644,0.018983674358653564,0.4528350722426644,0.018983674358653564,0.1992057980551868,-0.048596359734802225,0.1992057980551868,-0.048596359734802225
162,Matrix B,WebServer,2.0,0.35743736808149074,0.3954604151261339,0.29331641351557575,1-to-1,0.008193152367355605,0.45647892435543114,0.008193152367355605,0.45647892435543114,0.005682163868355585,-0.023010531608670417,0.005682163868355585,-0.023010531608670417
163,Matrix A,Hadoop,2.0,0.2607629057674832,0.2745920933471448,0.2438949071143211,2-to-1,0.10284148415505147,0.027047618945480016,0.1247255644196958,0.03311543571701828,0.0318167384419731,0.02957809767782084,0.0318167384419731,0.02957809767782084
164,Matrix A,CacheFollower,1.0,0.2862987474854347,0.2881524982857871,0.18650189489327032,4-to-1,0.08789773560372786,0.04424822488472695,0.11745621136535858,0.12473905186471412,0.02662058725285686,-0.028046242075897215,0.02662058725285686,-0.028046242075897215
165,Matrix C,Hadoop,1.0,0.4976038462949421,0.5311585337640377,0.20974040799976593,1-to-1,0.43741405204071665,0.010243826407019574,0.43741405204071665,0.010243826407019574,0.19785664801488012,-0.04248399892805172,0.19785664801488012,-0.04248399892805172
166,Matrix A,Hadoop,2.0,0.4377477482944125,0.4609794116341526,0.3880137292576265,1-to-1,0.2681699206500534,0.09209988335819734,0.28599405134181705,0.08191399184441175,0.09559933011087848,0.020027206695580724,0.09559933011087848,0.020027206695580724
167,Matrix C,Hadoop,2.0,0.3739547223548296,0.3992958091221874,0.18665240396251742,4-to-1,0.3380321508443385,0.009515308588709737,0.3380321508443385,0.009515308588709737,0.14688645639942643,-0.03383769730235888,0.14688645639942643,-0.03383769730235888
168,Matrix B,WebServer,2.0,0.35186803852402815,0.3893249522639246,0.29395475818183864,2-to-1,0.008899395741889336,0.4403020427029102,0.008899395741889336,0.4403020427029102,0.0012693935879065457,0.023323468160076268,0.0012693935879065457,0.023323468160076268
169,Matrix B,CacheFollower,1.0,0.49779345206767084,0.5043030749914568,0.41533141231698323,2-to-1,0.011201693153813036,0.07411147290916115,0.011201693153813036,0.07411147290916115,0.002694799119073646,-0.003252110718258407,0.002694799119073646,-0.003252110718258407
170,Matrix C,WebServer,1.0,0.45969779337288225,0.48616693364677754,0.19410609372285972,1-to-1,0.40709512036658047,0.07575646671680088,0.40709512036658047,0.07575646671680088,0.13632631801527062,-0.03129777542475848,0.13632631801527062,-0.03129777542475848
171,Matrix C,CacheFollower,2.0,0.3899553900952213,0.39481391300743285,0.16286386404094644,1-to-1,0.18987036800713142,0.023953031062400938,0.18987036800713142,0.023953031062400938,0.12748704685022877,-0.03292271011899464,0.12748704685022877,-0.03292271011899464
172,Matrix B,WebServer,1.0,0.6690420765770847,0.7407673734280179,0.5494357514385443,1-to-1,0.015768961957900385,0.1926207927689378,0.015768961957900385,0.1926207927689378,0.009904984276448791,-0.22614864605068768,0.009904984276448791,-0.22614864605068768
173,Matrix C,CacheFollower,2.0,0.3960337478872348,0.40095338233242417,0.1970402741597558,4-to-1,0.22972788142271616,0.022679506998018087,0.22972788142271616,0.022679506998018087,0.13500826258656,-0.03912704810036974,0.13500826258656,-0.03912704810036974
174,Matrix C,Hadoop,2.0,0.46849940132410967,0.5002270381419802,0.2060777984122589,2-to-1,0.45197913805376017,0.026447416209928482,0.45197913805376017,0.026447416209928482,0.1830582131087923,-0.04048835194078877,0.1830582131087923,-0.04048835194078877
175,Matrix B,WebServer,1.0,0.491735519764727,0.5447140715968196,0.41128070187695703,2-to-1,0.00840514202328874,0.3418758317645245,0.00840514202328874,0.3418758317645245,0.0016552240849988479,0.0,0.0016552240849988479,0.0
176,Matrix C,CacheFollower,1.0,0.6155246951323434,0.6230110145446061,0.3061675558884992,4-to-1,0.3865674499426972,0.10008932431640488,0.3865674499426972,0.10008932431640488,0.6112300444285883,-0.11305767874853748,0.6112300444285883,-0.11305767874853748
177,Matrix A,Hadoop,2.0,0.25428706454458816,0.26776857272779836,0.22538508198075344,1-to-1,0.1317551044635107,-0.0013082457040361549,0.11891598221279254,0.03486447993058953,0.02907718911370306,-0.025963368859351466,0.02907718911370306,-0.025963368859351466
178,Matrix A,Hadoop,1.0,0.5249442952927075,0.539322680001189,0.34275417714591744,4-to-1,0.21300697184805933,0.06239487262398551,0.21398977392124513,0.051656929247321196,0.03915612343615598,-0.023108193929354644,0.03915612343615598,-0.023108193929354644
179,Matrix B,WebServer,2.0,0.28461777988293036,0.3149245643709953,0.23358227582345759,1-to-1,0.03412121148669304,0.37415432322676523,0.03412121148669304,0.37415432322676523,0.0038212723529793546,0.0,0.0038212723529793546,0.0
180,Matrix C,WebServer,2.0,0.5959382679039567,0.6302528595836372,0.2516322855613752,1-to-1,0.6285800012898637,0.14332432227506048,0.6285800012898637,0.14332432227506048,0.24632576596971179,-0.06023480141344513,0.24632576596971179,-0.06023480141344513
181,Matrix B,WebServer,2.0,0.3510081172036781,0.3580074327482744,0.28756450399006367,4-to-1,0.01651529019348765,-0.10537637629210735,0.01651529019348765,-0.10537637629210735,0.0008652038507296949,0.0,0.0008652038507296949,0.0
182,Matrix C,WebServer,2.0,0.31519777454448783,0.3333747776041922,0.13310190658152238,1-to-1,0.2727457238426063,0.06757282905731664,0.2727457238426063,0.06757282905731664,0.09707086603212452,-0.015685294528907368,0.09707086603212452,-0.015685294528907368
183,Matrix B,WebServer,2.0,0.46696641106108877,0.5166708527573985,0.3901056295541729,2-to-1,0.00841802267288753,0.3768595853733344,0.00841802267288753,0.3768595853733344,0.0012585595157135942,0.015692462706469578,0.0012585595157135942,0.015692462706469578
184,Matrix A,Hadoop,1.0,0.729101716771376,0.767842760657356,0.68200388378838,2-to-1,1.2762115064054318,0.14961761768858334,1.1740968962556546,0.13458000878369653,0.43252955508887625,-0.11640701587365633,0.43252955508887625,-0.11640701587365633
185,Matrix A,Hadoop,1.0,0.5614998547214793,0.5768760059931662,0.3666203333983056,4-to-1,0.19279565770105875,0.030993732240915697,0.20495188005553847,0.03087083350639821,0.05981518778737868,0.008594036248770509,0.05981518778737868,0.008594036248770509
186,Matrix C,Hadoop,2.0,0.37802752671672857,0.4036443971349497,0.15938763253513216,1-to-1,0.34338237305748304,0.0064964568458408785,0.34338237305748304,0.0064964568458408785,0.14616336566160956,-0.03719445716371824,0.14616336566160956,-0.03719445716371824
187,Matrix C,CacheFollower,2.0,0.6803397105255539,0.6887770390298831,0.2975204348557291,2-to-1,0.9274617237269623,0.19426645658130626,0.9274617237269623,0.19426645658130626,0.9806723070168035,-0.18534426140711407,0.9806723070168035,-0.18534426140711407
188,Matrix A,CacheFollower,2.0,0.5369251655038476,0.5371717595092772,0.5006511501803547,2-to-1,0.6581749249801764,0.25427415939676784,0.6218360569403085,0.2534931201559351,0.22185734318521502,-0.11853581750358241,0.22185734318521502,-0.11853581750358241
189,Matrix B,CacheFollower,1.0,0.555442435921554,0.5573801964603141,0.4530232460661598,4-to-1,0.033399571577989416,0.008752114307272924,0.033399571577989416,0.008752114307272924,0.002443246133694265,0.0,0.002443246133694265,0.0
190,Matrix B,WebServer,2.0,0.6224102471231658,0.6347565312096791,0.5098593780782285,4-to-1,0.021929952138950284,0.5886648925035831,0.021929952138950284,0.5886648925035831,0.007062927790410775,0.0,0.007062927790410775,0.0
191,Matrix C,WebServer,1.0,0.3017955243982935,0.31910367364888875,0.1274047313260407,1-to-1,0.23179610688768146,0.0669399727813057,0.23179610688768146,0.0669399727813057,0.09166155439889692,-0.00900391289099933,0.09166155439889692,-0.00900391289099933
